trader_id,trades_per_active_day,turnover,pct_days_traded,orders_burstiness,avg_hold_days,avg_down_events_rate,buy_after_spike_rate
1,1.6777777777777778,451.72783111718695,0.6923076923076923,0.2886681383370125,30.2,0.3469683257918552,0.15517241379310345
2,1.2105263157894737,186.18399480271563,0.2923076923076923,0.1372997711670481,23.0,0.375,0.021739130434782608
3,1.25,186.7767806753059,0.3076923076923077,0.166,16.666666666666668,0.31666666666666665,0.06
4,1.2058823529411764,172.48586128343473,0.26153846153846155,0.13558106169296985,20.5,0.3668831168831169,0.034482758620689655
5,1.0731707317073171,191.41506103633878,0.3153846153846154,0.06319290465631935,22.0,0.4537037037037037,0.034482758620689655
6,1.2432432432432432,176.97345538058292,0.2846153846153846,0.17156286721504116,11.5,0.24662162162162163,0.043478260869565216
7,1.1176470588235294,170.57710932710788,0.26153846153846155,0.0928792569659443,19.0,0.2608695652173913,0.04
8,1.225,210.94472725811718,0.3076923076923077,0.14234693877551016,24.5,0.5333333333333333,0.12244897959183673
9,1.2142857142857142,199.23347628621332,0.3230769230769231,0.1517273576097106,17.0,0.29365079365079366,0.0392156862745098
10,1.1388888888888888,187.42632101238152,0.27692307692307694,0.11043360433604338,13.666666666666666,0.14102564102564102,0.23333333333333334
11,1.1428571428571428,134.20408014177164,0.2153846153846154,0.10714285714285714,16.0,0.15,0.0
12,1.1142857142857143,167.52503068781027,0.2692307692307692,0.09084249084249092,19.5,0.2608695652173913,0.0
13,1.1764705882352942,153.99487796081388,0.26153846153846155,0.12352941176470586,20.0,0.4487179487179487,0.0
14,1.1515151515151516,170.3354360987694,0.25384615384615383,0.11164274322169064,19.0,0.4057971014492754,0.0
15,1.1612903225806452,159.88377109872812,0.23846153846153847,0.1164874551971326,18.0,0.1875,0.0
16,1.6627906976744187,429.3042623349234,0.6615384615384615,0.2677671166043259,23.833333333333332,0.4301638176638176,0.047619047619047616
17,1.271186440677966,277.5539374293659,0.45384615384615384,0.17401129943502824,1.4705882352941178,0.039039039039039033,0.8
18,1.263157894736842,181.39974108784804,0.2923076923076923,0.17105263157894737,16.0,0.34868421052631576,0.08333333333333333
19,1.565217391304348,447.06489893055425,0.7076923076923077,0.2447161835748792,36.0,0.46484375,0.0392156862745098
20,1.1964285714285714,273.2997244079948,0.4307692307692308,0.13192963752665246,1.9142857142857144,0.08024691358024691,0.851063829787234
21,1.1851851851851851,118.64712828653917,0.2076923076923077,0.13657407407407407,10.666666666666666,0.3630952380952381,0.08
22,1.1724137931034482,146.78728567180787,0.2230769230769231,0.12170385395537531,17.0,0.41666666666666663,0.0
23,1.75,415.0628242582365,0.7076923076923077,0.2648528220361869,32.2,0.44535519125683065,0.10185185185185185
24,1.2903225806451613,169.62704116471258,0.23846153846153847,0.182258064516129,13.333333333333334,0.38000000000000006,0.03125
25,1.1666666666666667,150.67978624292283,0.23076923076923078,0.1190476190476191,17.5,0.5608695652173913,0.03571428571428571
26,1.1935483870967742,158.4059191321545,0.23846153846153847,0.13077593722755007,18.5,0.42500000000000004,0.0
27,1.105263157894737,174.83083281169684,0.2923076923076923,0.0852130325814537,21.0,0.3666666666666667,0.06060606060606061
28,1.2545454545454546,258.34955349304437,0.4230769230769231,0.16969696969696973,2.0294117647058822,0.0846774193548387,0.78
29,1.6582278481012658,393.6708374323602,0.6076923076923076,0.280220311141173,26.2,0.4936507936507937,0.0392156862745098
30,1.21875,156.0992071161104,0.24615384615384617,0.14022435897435892,19.5,0.4916666666666667,0.10344827586206896
31,1.21875,175.33319968810937,0.24615384615384617,0.1578525641025641,9.75,0.5833333333333333,0.07407407407407407
32,1.1176470588235294,196.72893134815723,0.26153846153846155,0.09752321981424143,12.666666666666666,0.2894736842105263,0.0
33,1.1388888888888888,166.39284385636074,0.27692307692307694,0.10501355013550137,20.5,0.56,0.03333333333333333
34,1.2424242424242424,167.76777178447716,0.25384615384615383,0.15816703621581668,13.666666666666666,0.3550724637681159,0.03333333333333333
35,1.7241379310344827,426.3442907812656,0.6692307692307692,0.2513409961685823,37.5,0.3375396025345622,0.05357142857142857
36,1.1875,175.67051693302844,0.24615384615384617,0.13651315789473684,12.666666666666666,0.16666666666666666,0.19230769230769232
37,1.2105263157894737,191.51359180147574,0.2923076923076923,0.1372997711670481,23.0,0.2878787878787879,0.03571428571428571
38,1.1304347826086956,114.92141593970065,0.17692307692307693,0.10033444816053506,13.0,0.43137254901960786,0.05
39,1.1282051282051282,184.44584679733453,0.3,0.09906759906759915,22.0,0.35641025641025637,0.06818181818181818
40,1.119047619047619,229.39025154580617,0.3230769230769231,0.09777102330293816,15.666666666666666,0.4411764705882353,0.07894736842105263
41,1.0571428571428572,154.52749252559855,0.2692307692307692,0.050965250965250924,18.5,0.26,0.0
42,1.25,178.70918154973228,0.3076923076923077,0.15899999999999997,16.666666666666668,0.27314814814814814,0.14
43,1.0909090909090908,111.23486763197539,0.16923076923076924,0.07575757575757582,12.0,0.53125,0.0
44,1.2156862745098038,260.4875388996342,0.3923076923076923,0.15053763440860218,20.666666666666668,0.45206971677559915,0.11290322580645161
45,1.9186046511627908,414.3223266388573,0.6615384615384615,0.28012684989429176,27.5,0.321248926032961,0.0603448275862069
46,1.7826086956521738,445.4692804340786,0.7076923076923077,0.26153234358430544,41.0,0.5035714285714286,0.032520325203252036
47,1.1851851851851851,133.5652383760151,0.2076923076923077,0.12731481481481483,16.0,0.23529411764705882,0.15789473684210525
48,1.25,166.18437438130746,0.27692307692307694,0.15987654320987657,15.0,0.5166666666666666,0.029411764705882353
49,1.135135135135135,178.89029335326592,0.2846153846153846,0.11196911196911205,10.5,0.26495726495726496,0.0
50,1.2352941176470589,258.48441239211286,0.3923076923076923,0.1525054466230937,21.0,0.3428401663695781,0.047619047619047616
51,1.1935483870967742,128.98765342899168,0.23846153846153847,0.14646904969485613,12.333333333333334,0.2995169082125604,0.10714285714285714
52,1.641304347826087,467.5284112287584,0.7076923076923077,0.25662251655629137,37.0,0.3186355311355311,0.02830188679245283
53,1.096774193548387,169.10278823987645,0.23846153846153847,0.07969639468690697,17.0,0.4066666666666666,0.03571428571428571
54,1.1818181818181819,185.4004250042278,0.25384615384615383,0.12587412587412586,19.5,0.5178571428571428,0.09375
55,1.1714285714285715,161.35665776592012,0.2692307692307692,0.13240418118466896,13.666666666666666,0.2222222222222222,0.0
56,1.3,148.80529965461193,0.23076923076923078,0.18547008547008553,13.0,0.26666666666666666,0.038461538461538464
57,1.2325581395348837,201.15188249644652,0.33076923076923076,0.159719175076788,13.25,0.17877906976744184,0.07547169811320754
58,1.2692307692307692,128.62857503878547,0.2,0.15501165501165504,16.5,0.125,0.21428571428571427
59,1.1136363636363635,237.82600738346432,0.3384615384615385,0.09044526901669753,1.3611111111111112,0.014814814814814815,0.8484848484848485
60,1.8,393.13908543364494,0.6538461538461539,0.27112648981161097,30.6,0.2685185185185185,0.09090909090909091
61,1.7717391304347827,458.9686558523129,0.7076923076923077,0.2532008535609496,32.6,0.31333333333333335,0.04310344827586207
62,1.5913978494623655,431.90263760347284,0.7153846153846154,0.2387387387387388,37.0,0.3734848484848485,0.009708737864077669
63,1.5308641975308641,416.1601687656827,0.6230769230769231,0.21286340103544396,41.333333333333336,0.4249662618083671,0.022727272727272728
64,1.1515151515151516,184.4792070186212,0.25384615384615383,0.11164274322169064,19.0,0.2753623188405797,0.038461538461538464
65,1.1515151515151516,165.20124895883197,0.25384615384615383,0.11802232854864436,12.666666666666666,0.10144927536231885,0.0
66,1.1951219512195121,193.61159090720042,0.3153846153846154,0.13837730214036842,16.333333333333332,0.3214285714285714,0.19444444444444445
67,1.1785714285714286,128.7810640729929,0.2153846153846154,0.1331168831168831,11.0,0.26666666666666666,0.08695652173913043
68,1.21875,149.96041531216878,0.24615384615384617,0.1498397435897436,13.0,0.5454545454545454,0.07692307692307693
69,1.2916666666666667,222.98873556393997,0.36923076923076925,0.16868279569892466,1.441860465116279,0.03645833333333333,0.8292682926829268
70,1.303030303030303,141.79626781760814,0.25384615384615383,0.1945031712473573,10.75,0.2272727272727273,0.034482758620689655
71,1.8555555555555556,442.97093184758097,0.6923076923076923,0.2845642049234864,33.4,0.4332803271240345,0.064
72,1.09375,172.10156867596052,0.24615384615384617,0.07767857142857137,17.5,0.19230769230769232,0.0
73,1.3043478260869565,236.4676915784467,0.35384615384615387,0.1717391304347826,20.0,0.225752508361204,0.06666666666666667
74,1.9222222222222223,459.5146892187522,0.6923076923076923,0.2897238278741169,28.833333333333332,0.46517683790733066,0.0
75,1.162162162162162,189.73998317519695,0.2846153846153846,0.11690760527969822,21.5,0.35,0.0967741935483871
76,1.0232558139534884,191.81337273129645,0.33076923076923076,0.022198731501057053,22.0,0.18604651162790697,0.06818181818181818
77,1.2727272727272727,262.5097627782663,0.4230769230769231,0.1693506493506494,1.5217391304347827,0.0674931129476584,0.7551020408163265
78,1.3653846153846154,266.6262644528896,0.4,0.18824485373781152,1.6136363636363635,0.046886446886446886,0.7924528301886793
79,1.6385542168674698,418.553939098117,0.6384615384615384,0.257264351523742,27.2,0.4568903318903319,0.019417475728155338
80,1.15625,168.9134806188381,0.24615384615384617,0.12077702702702697,12.333333333333334,0.4055555555555556,0.08333333333333333
81,1.1515151515151516,153.23924384730958,0.25384615384615383,0.11164274322169064,19.0,0.22727272727272727,0.0
82,1.2941176470588236,266.0419032903955,0.3923076923076923,0.1758764111705288,1.5348837209302326,0.0625,0.75
83,1.6395348837209303,431.63971082150414,0.6615384615384615,0.2234042553191489,35.25,0.296526369168357,0.061855670103092786
84,1.0357142857142858,124.32332934548452,0.2153846153846154,0.03325123152709354,14.5,0.22727272727272727,0.0
85,1.1379310344827587,159.5056161878493,0.2230769230769231,0.10449320794148384,16.5,0.5431034482758621,0.0
86,1.8111111111111111,445.8526707370222,0.6923076923076923,0.24437627811860935,40.75,0.4059396485867074,0.03418803418803419
87,1.75,414.9089076882983,0.6461538461538462,0.2587463556851312,36.75,0.3181672283742577,0.14655172413793102
88,1.2121212121212122,166.30225968901314,0.25384615384615383,0.1378787878787879,20.0,0.36,0.0
89,1.162162162162162,176.33319649335402,0.2846153846153846,0.12319296040226276,14.333333333333334,0.19047619047619047,0.030303030303030304
90,1.131578947368421,184.49437236966816,0.2923076923076923,0.10097919216646271,21.5,0.4083333333333333,0.0
91,1.1935483870967742,154.5288495392955,0.23846153846153847,0.1394943330427201,12.333333333333334,0.3181818181818182,0.07407407407407407
92,1.2653061224489797,266.2352395301025,0.3769230769230769,0.1540487162606978,31.0,0.4654631083202512,0.0
93,1.3333333333333333,99.83760506392264,0.18461538461538463,0.19791666666666666,10.666666666666666,0.39444444444444443,0.0
94,1.0666666666666667,164.59951241508918,0.23076923076923078,0.058333333333333334,16.0,0.20454545454545456,0.041666666666666664
95,1.2222222222222223,158.27819414794428,0.27692307692307694,0.15656565656565657,14.666666666666666,0.14666666666666667,0.034482758620689655
96,1.205128205128205,195.35517288511275,0.3,0.14293507910529185,15.666666666666666,0.21855921855921853,0.02127659574468085
97,1.125,152.1243099112148,0.24615384615384617,0.09722222222222221,18.0,0.44565217391304346,0.037037037037037035
98,1.1714285714285715,158.62766254478876,0.2692307692307692,0.12822299651567945,13.666666666666666,0.15476190476190477,0.03225806451612903
99,1.2272727272727273,99.79568256215228,0.16923076923076924,0.14309764309764314,13.5,0.5441176470588236,0.0
100,1.1282051282051282,188.10377501149415,0.3,0.09906759906759915,22.0,0.5725806451612903,0.09090909090909091
101,1.2884615384615385,262.69589928457515,0.4,0.16733639494833527,1.7179487179487178,0.018518518518518517,0.75
102,1.7525773195876289,468.78453830043907,0.7461538461538462,0.25870224378411155,34.0,0.295982905982906,0.03225806451612903
103,1.1142857142857143,164.92534008540778,0.2692307692307692,0.09084249084249092,19.5,0.18,0.037037037037037035
104,1.16,143.49919409486034,0.19230769230769232,0.11586206896551729,14.5,0.25,0.1111111111111111
105,1.196078431372549,260.66352232833526,0.3923076923076923,0.1420765027322404,20.333333333333332,0.17892156862745098,0.11475409836065574
106,1.1081081081081081,189.06833888492093,0.2846153846153846,0.08701384311140407,20.5,0.2619047619047619,0.12
107,1.5789473684210527,471.38062058004203,0.7307692307692307,0.23550877192982458,30.0,0.3511997913406364,0.046296296296296294
108,1.6185567010309279,461.7993571217201,0.7461538461538462,0.2165605095541401,52.333333333333336,0.36789021164021163,0.029411764705882353
109,1.0384615384615385,110.80480454589153,0.2,0.03561253561253567,13.5,0.34210526315789475,0.05
110,1.088235294117647,196.5072195371814,0.26153846153846155,0.07392686804451518,18.5,0.45,0.07407407407407407
111,1.1538461538461537,202.47689961651213,0.3,0.11851851851851847,15.0,0.27008547008547007,0.0
112,1.290909090909091,293.6282581851318,0.4230769230769231,0.17413572343149805,1.5434782608695652,0.02134986225895317,0.75
113,1.3548387096774193,163.0768382410346,0.23846153846153847,0.16897081413210444,21.0,0.33850931677018636,0.0
114,1.305084745762712,302.2346941965255,0.45384615384615384,0.1871010345586617,1.4339622641509433,0.07017543859649122,0.7962962962962963
115,1.2195121951219512,205.52581157363142,0.3153846153846154,0.14048780487804874,25.0,0.3419354838709677,0.1388888888888889
116,1.24,265.3934571761495,0.38461538461538464,0.15419354838709678,20.666666666666668,0.33151515151515154,0.06451612903225806
117,1.2037037037037037,261.2063555988852,0.4153846153846154,0.14045584045584042,21.666666666666668,0.19999999999999998,0.015384615384615385
118,1.2,166.11559959918827,0.2692307692307692,0.13333333333333336,21.0,0.5326086956521738,0.0
119,1.2647058823529411,175.21595278831077,0.26153846153846155,0.17441860465116285,10.75,0.09482758620689655,0.08823529411764706
120,1.2105263157894737,168.6294971928596,0.2923076923076923,0.15102974828375287,15.333333333333334,0.39181286549707606,0.0
121,1.1481481481481481,135.68226576070407,0.2076923076923077,0.10991636798088414,15.5,0.4901960784313726,0.05
122,1.4482758620689655,451.44947319910665,0.6692307692307692,0.18427294289363264,42.0,0.5210084033613446,0.030612244897959183
123,1.2619047619047619,220.65242117649032,0.3230769230769231,0.1765498652291105,13.25,0.3125,0.05660377358490566
124,1.2758620689655173,147.32003123109385,0.2230769230769231,0.1696178937558248,12.333333333333334,0.21666666666666667,0.038461538461538464
125,1.6,468.9622782472293,0.7307692307692307,0.26412742382271465,38.0,0.3912037037037037,0.02727272727272727
126,1.064516129032258,137.5873171650602,0.23846153846153847,0.05669599217986315,16.5,0.4891304347826087,0.08
127,1.1785714285714286,149.31338998531524,0.2153846153846154,0.1331168831168831,11.0,0.16666666666666666,0.0
128,1.064516129032258,164.4256235573641,0.23846153846153847,0.05669599217986315,16.5,0.20454545454545456,0.0
129,1.103448275862069,161.09083587728253,0.2230769230769231,0.08405172413793104,16.0,0.5595238095238095,0.0
130,1.1666666666666667,192.38433818419753,0.27692307692307694,0.1256613756613757,14.0,0.21825396825396826,0.0
131,1.2264150943396226,249.2450923037852,0.4076923076923077,0.14920174165457184,1.5476190476190477,0.03968253968253968,0.8235294117647058
132,1.7191011235955056,446.8549864503643,0.6846153846153846,0.2706910479547625,25.5,0.315528233151184,0.027777777777777776
133,1.3225806451612903,154.72282317713655,0.23846153846153847,0.1904012588512982,13.666666666666666,0.11666666666666665,0.0
134,1.1379310344827587,138.08949236448686,0.2230769230769231,0.11076280041797279,11.0,0.14285714285714285,0.0
135,1.2307692307692308,177.14578578553258,0.3,0.14423076923076922,1.2972972972972974,0.008333333333333333,0.7631578947368421
136,1.2727272727272727,175.01067555790598,0.25384615384615383,0.15584415584415584,21.0,0.37202380952380953,0.03225806451612903
137,1.2452830188679245,253.03300041583765,0.4076923076923077,0.1612349914236707,1.434782608695652,0.04292929292929293,0.8666666666666667
138,1.2,176.14479083600358,0.2692307692307692,0.13333333333333336,21.0,0.3173913043478261,0.0
139,1.0833333333333333,204.52231113602986,0.27692307692307694,0.07051282051282055,19.5,0.3064516129032258,0.125
140,1.2830188679245282,288.14994125923664,0.4076923076923077,0.1659267480577137,22.666666666666668,0.28885893980233607,0.04411764705882353
141,1.683673469387755,468.59154911228666,0.7538461538461538,0.24508348794063078,27.5,0.23856905946458182,0.035398230088495575
142,1.6444444444444444,428.0587262718344,0.6923076923076923,0.24789789789789785,29.6,0.4915332512315271,0.02127659574468085
143,1.28125,163.2353450423802,0.24615384615384617,0.1699695121951219,13.666666666666666,0.3428571428571428,0.030303030303030304
144,1.1904761904761905,240.25414726742525,0.3230769230769231,0.140952380952381,16.666666666666668,0.4047619047619047,0.08
145,1.2045454545454546,216.71944191609677,0.3384615384615385,0.13507718696397947,26.5,0.3351648351648352,0.0
146,1.36,271.32584564912025,0.38461538461538464,0.17941176470588233,1.5813953488372092,0.04833333333333333,0.75
147,1.1724137931034482,152.20190927455496,0.2230769230769231,0.12170385395537531,17.0,0.5857142857142856,0.11538461538461539
148,1.1935483870967742,150.4852070889676,0.23846153846153847,0.1394943330427201,12.333333333333334,0.27619047619047615,0.037037037037037035
149,1.2564102564102564,205.93777024967366,0.3,0.16849816849816845,16.333333333333332,0.3452380952380952,0.1111111111111111
150,1.3125,244.11929174135145,0.36923076923076925,0.1888227513227513,1.4090909090909092,0.01953125,0.8048780487804879
151,1.146341463414634,196.22549102802708,0.3153846153846154,0.11416709911779963,15.666666666666666,0.27777777777777773,0.06666666666666667
152,1.1333333333333333,201.12097868441728,0.34615384615384615,0.10631808278867096,17.0,0.3185185185185185,0.09803921568627451
153,1.5520833333333333,476.9710009255664,0.7384615384615385,0.2563618568232662,37.25,0.4535358919687278,0.1188118811881188
154,1.6702127659574468,453.27877552340294,0.7230769230769231,0.2713782355332701,31.4,0.3431839402427638,0.018018018018018018
155,1.7340425531914894,451.97334901216294,0.7230769230769231,0.2526432580603054,27.166666666666668,0.30610452349582784,0.059322033898305086
156,1.2222222222222223,219.39870935811138,0.34615384615384615,0.15434343434343434,1.5277777777777777,0.007692307692307693,0.8571428571428571
157,1.1428571428571428,161.25626392249012,0.2692307692307692,0.10714285714285714,20.0,0.45,0.09090909090909091
158,1.3783783783783783,191.14643979895305,0.2846153846153846,0.2310545839957605,11.75,0.303030303030303,0.02631578947368421
159,1.069767441860465,245.27884075984656,0.33076923076923076,0.060667340748230554,23.0,0.2361111111111111,0.13513513513513514
160,1.125,210.32357625029624,0.3076923076923077,0.09722222222222214,22.5,0.2903225806451613,0.0
161,1.2820512820512822,193.62371014751417,0.3,0.17641025641025648,16.666666666666668,0.19658119658119658,0.0
162,1.2340425531914894,238.56557476690952,0.36153846153846153,0.16434336023477625,1.5263157894736843,0.06666666666666667,0.85
163,1.0810810810810811,181.5735475287251,0.2846153846153846,0.06891891891891884,20.0,0.38288288288288286,0.1
164,1.1764705882352942,166.93427452844819,0.26153846153846155,0.12352941176470586,20.0,0.4057971014492754,0.0
165,1.6627906976744187,418.5326363503698,0.6615384615384615,0.2809399902423158,32.5,0.5423659673659673,0.05714285714285714
166,1.303030303030303,176.12892725139287,0.25384615384615383,0.17477096546863988,14.333333333333334,0.25142857142857145,0.0
167,1.9052631578947368,432.1869524717675,0.7307692307692307,0.2582145972666473,36.2,0.4499903128935387,0.05785123966942149
168,1.755813953488372,463.25191916941736,0.6615384615384615,0.2677498844909903,37.75,0.3069234613462499,0.035398230088495575
169,1.3076923076923077,121.01642481680739,0.2,0.1900452488687783,11.333333333333334,0.4916666666666667,0.0
170,1.290909090909091,264.65102871047606,0.4230769230769231,0.17976952624839942,1.5106382978723405,0.06388206388206388,0.7450980392156863
171,1.121212121212121,154.67227332287968,0.25384615384615383,0.09500409500409505,18.5,0.2037037037037037,0.10344827586206896
172,1.7142857142857142,437.51624549968784,0.6461538461538462,0.2448743386243386,36.0,0.4561164641809803,0.019417475728155338
173,1.6292134831460674,472.6734616071805,0.6846153846153846,0.22673382409918635,36.25,0.34316378066378067,0.08080808080808081
174,1.1724137931034482,150.82011667687652,0.2230769230769231,0.12170385395537531,17.0,0.29411764705882354,0.0
175,1.1875,140.41594545510023,0.24615384615384617,0.13651315789473684,12.666666666666666,0.4722222222222222,0.047619047619047616
176,1.162162162162162,189.28341566738868,0.2846153846153846,0.12319296040226276,14.333333333333334,0.3550724637681159,0.0
177,1.186046511627907,210.2124145417916,0.33076923076923076,0.1276789785681715,25.5,0.5218023255813954,0.0196078431372549
178,1.1304347826086956,238.74122225885534,0.35384615384615387,0.10033444816053506,26.0,0.39492753623188404,0.038461538461538464
179,1.7272727272727273,380.51647791651993,0.5923076923076923,0.22204862806366565,26.6,0.2231132075471698,0.041237113402061855
180,1.2380952380952381,207.86277035523895,0.3230769230769231,0.16758241758241763,13.0,0.22435897435897437,0.1875
181,1.2156862745098038,265.45934633958615,0.3923076923076923,0.13915243516761538,1.605263157894737,0.044827586206896544,0.8444444444444444
182,1.2777777777777777,164.95970869501798,0.27692307692307694,0.16787439613526572,15.333333333333334,0.35185185185185186,0.0
183,1.2391304347826086,207.99460819041684,0.35384615384615387,0.15446224256292912,19.0,0.34782608695652173,0.017543859649122806
184,1.1176470588235294,176.49916060825387,0.26153846153846155,0.0928792569659443,19.0,0.20454545454545456,0.043478260869565216
185,1.2040816326530612,246.79551577182878,0.3769230769230769,0.13490141819439644,1.7352941176470589,0.028735632183908042,0.8604651162790697
186,1.037037037037037,132.1297717944701,0.2076923076923077,0.034391534391534334,14.0,0.25,0.17391304347826086
187,1.15625,158.8838092164035,0.24615384615384617,0.11402027027027029,18.5,0.325,0.0
188,1.125,170.8113437764501,0.24615384615384617,0.10243055555555558,12.0,0.19999999999999998,0.0
189,1.0555555555555556,187.69664998203962,0.27692307692307694,0.04970760233918132,19.0,0.475,0.0
190,1.206896551724138,145.804766755395,0.2230769230769231,0.14581280788177337,11.666666666666666,0.3833333333333333,0.21739130434782608
191,1.1515151515151516,159.63437473598523,0.25384615384615383,0.11802232854864436,12.666666666666666,0.26495726495726496,0.06666666666666667
192,1.797979797979798,479.1191008144954,0.7615384615384615,0.28362274429690154,29.666666666666668,0.31105675146771034,0.06060606060606061
193,1.064516129032258,141.91173241385155,0.23846153846153847,0.05669599217986315,16.5,0.15789473684210525,0.0
194,1.5869565217391304,470.6785586480847,0.7076923076923077,0.23972602739726026,36.5,0.4164811025517573,0.06542056074766354
195,1.2105263157894737,184.8464418809005,0.2923076923076923,0.15217391304347822,11.5,0.17931034482758623,0.027777777777777776
196,1.711111111111111,475.6840787633502,0.6923076923076923,0.26075036075036073,25.666666666666668,0.37210053627964074,0.0
197,1.2222222222222223,125.83636403111275,0.2076923076923077,0.1616161616161616,8.25,0.0925925925925926,0.0
198,1.2592592592592593,121.6939562311116,0.2076923076923077,0.16557734204793023,11.333333333333334,0.40789473684210525,0.04
199,1.1578947368421053,305.91619087015135,0.43846153846153846,0.11908559276980331,1.2692307692307692,0.03809523809523809,0.8636363636363636
200,1.25,156.10120785532374,0.24615384615384617,0.17656249999999996,10.0,0.29166666666666663,0.03571428571428571
201,1.2352941176470589,244.21840187936624,0.3923076923076923,0.16246498599439774,21.0,0.31808278867102396,0.14285714285714285
202,1.6588235294117648,440.9518058594047,0.6538461538461539,0.24547350855235714,35.25,0.4620144110275689,0.08421052631578947
203,1.7954545454545454,415.5067201251715,0.676923076923077,0.26654200230149594,39.5,0.4961805555555555,0.057692307692307696
204,1.1481481481481481,129.9315139800907,0.2076923076923077,0.10991636798088414,15.5,0.175,0.13636363636363635
205,1.7555555555555555,444.68878113011766,0.6923076923076923,0.290014064697609,26.333333333333332,0.4783110119047619,0.018867924528301886
206,1.0769230769230769,142.6792302482848,0.2,0.06593406593406598,14.0,0.23529411764705882,0.05555555555555555
207,1.15,189.2732614879461,0.3076923076923077,0.11086956521739122,23.0,0.4291666666666667,0.043478260869565216
208,1.24,233.47212254699073,0.38461538461538464,0.15419354838709678,1.631578947368421,0.05,0.7727272727272727
209,1.1627906976744187,213.337269521476,0.33076923076923076,0.12279069767441864,16.666666666666668,0.2816537467700258,0.12
210,1.0769230769230769,122.84910531766928,0.2,0.06593406593406598,14.0,0.3888888888888889,0.0
211,1.1714285714285715,190.53954040858787,0.2692307692307692,0.12125435540069682,20.5,0.5072463768115942,0.0
212,1.2105263157894737,168.7744871668287,0.2923076923076923,0.14530892448512583,15.333333333333334,0.48000000000000004,0.0
213,1.170731707317073,194.9109074218798,0.3153846153846154,0.12093495934959356,24.0,0.5086206896551724,0.0
214,1.8522727272727273,418.6969420810551,0.676923076923077,0.2701477969882877,27.166666666666668,0.2924047459893048,0.05172413793103448
215,1.2444444444444445,244.38488601157454,0.34615384615384615,0.16269841269841265,18.666666666666668,0.4259259259259259,0.0
216,1.1290322580645162,145.22178381309152,0.23846153846153847,0.09953917050691244,17.5,0.21428571428571427,0.06666666666666667
217,1.1818181818181819,268.9918043260789,0.4230769230769231,0.1258741258741258,32.5,0.38636363636363635,0.015384615384615385
218,1.3255813953488371,197.7441748001843,0.33076923076923076,0.17625458996328033,19.0,0.27012522361359576,0.07017543859649122
219,1.2608695652173914,120.48849762349884,0.17692307692307693,0.17691154422788613,9.666666666666666,0.44166666666666665,0.08695652173913043
220,1.1578947368421053,193.44136110855638,0.2923076923076923,0.11483253588516755,22.0,0.3114035087719298,0.0
221,1.2105263157894737,168.01146728170104,0.2923076923076923,0.1372997711670481,23.0,0.5,0.021739130434782608
222,1.135135135135135,164.7266389593664,0.2846153846153846,0.10296010296010298,21.0,0.16666666666666666,0.0
223,1.5869565217391304,474.63433314281076,0.7076923076923077,0.23183442525312692,36.5,0.2681918656056587,0.0
224,1.7604166666666667,497.8240036188753,0.7384615384615385,0.23107741617356994,42.25,0.46935204435204436,0.0782608695652174
225,1.5402298850574712,447.9439489905808,0.6692307692307692,0.24103619831875114,26.8,0.307736013986014,0.07291666666666667
226,1.125,160.4577614342317,0.24615384615384617,0.09722222222222221,18.0,0.6190476190476191,0.041666666666666664
227,1.6808510638297873,482.00473941445387,0.7230769230769231,0.2604363048747644,31.6,0.46472352634324465,0.05405405405405406
228,1.7127659574468086,437.29086476460765,0.7230769230769231,0.2762653627593499,40.25,0.47833333333333333,0.016260162601626018
229,1.2708333333333333,231.65907935657768,0.36923076923076925,0.155396174863388,30.5,0.3621794871794872,0.0
230,1.2105263157894737,160.92417777668024,0.2923076923076923,0.15102974828375287,15.333333333333334,0.4269005847953216,0.06521739130434782
231,1.1071428571428572,141.6393264085265,0.2153846153846154,0.08640552995391701,15.5,0.175,0.14285714285714285
232,1.7582417582417582,425.00234349459316,0.7,0.2717032967032966,32.0,0.44803485354097144,0.06542056074766354
233,1.146341463414634,218.54735056586313,0.3153846153846154,0.11416709911779963,15.666666666666666,0.3788617886178862,0.10638297872340426
234,1.1176470588235294,233.63819169371294,0.3923076923076923,0.09287925696594426,28.5,0.38235294117647056,0.05263157894736842
235,1.2333333333333334,167.4297727669608,0.23076923076923078,0.14504504504504503,18.5,0.25,0.041666666666666664
236,1.2580645161290323,141.27910553717703,0.23846153846153847,0.17369727047146397,9.75,0.1875,0.0
237,1.72,490.2160587722241,0.7692307692307693,0.2646511627906976,34.4,0.3589792663476874,0.015625
238,1.2127659574468086,231.81588625012105,0.36153846153846153,0.13811123553564764,28.5,0.14516129032258066,0.21621621621621623
239,1.4105263157894736,456.1883723942878,0.7307692307692307,0.22576590730557738,26.8,0.35186567164179106,0.0
240,1.1590909090909092,224.8444143803471,0.3384615384615385,0.11541889483065954,1.3421052631578947,0.08974358974358974,0.9090909090909091
241,1.105263157894737,198.26267457677235,0.2923076923076923,0.0889724310776942,14.0,0.1724137931034483,0.03333333333333333
242,1.1818181818181819,153.4125669151857,0.25384615384615383,0.12587412587412586,19.5,0.25,0.043478260869565216
243,1.206896551724138,154.82076527798063,0.2230769230769231,0.15172413793103443,11.666666666666666,0.14035087719298245,0.0
244,1.5777777777777777,431.1327763991178,0.6923076923076923,0.2613458528951486,20.285714285714285,0.2906057098765432,0.02857142857142857
245,1.1388888888888888,168.2642089148475,0.27692307692307694,0.11314363143631428,13.666666666666666,0.20512820512820515,0.0
246,1.1714285714285715,172.67754114253245,0.2692307692307692,0.12125435540069682,20.5,0.45,0.0
247,1.1071428571428572,132.94548569544784,0.2153846153846154,0.09101382488479258,10.333333333333334,0.3245614035087719,0.0
248,1.6222222222222222,437.0814956917156,0.6923076923076923,0.2363774733637748,36.5,0.37725694444444446,0.00980392156862745
249,1.15,222.2250506470278,0.3076923076923077,0.11086956521739122,23.0,0.6416666666666667,0.10869565217391304
250,1.0681818181818181,213.0476169934796,0.3384615384615385,0.059477756286266885,23.5,0.3629032258064516,0.030303030303030304
251,1.12,135.8213833017564,0.19230769230769232,0.0942857142857143,14.0,0.23684210526315788,0.09090909090909091
252,1.121212121212121,163.69105431482876,0.25384615384615383,0.09991809991809995,12.333333333333334,0.5119047619047619,0.043478260869565216
253,1.1071428571428572,150.22191870787793,0.2153846153846154,0.08640552995391701,15.5,0.45614035087719296,0.0
254,1.3125,151.2954237787964,0.24615384615384617,0.17708333333333337,14.0,0.2608695652173913,0.034482758620689655
255,1.1578947368421053,206.32611890072167,0.2923076923076923,0.12081339712918666,14.666666666666666,0.376984126984127,0.0625
256,1.1388888888888888,175.4056899050872,0.27692307692307694,0.10501355013550137,20.5,0.30434782608695654,0.0
257,1.135135135135135,172.5399691127307,0.2846153846153846,0.10296010296010298,21.0,0.3405797101449275,0.038461538461538464
258,1.075,215.010095825777,0.3076923076923077,0.0645348837209303,21.5,0.3666666666666667,0.16279069767441862
259,1.5824175824175823,422.7393922481037,0.7,0.27838827838827834,28.8,0.2834902411021814,0.009174311926605505
260,1.1176470588235294,160.43322110286533,0.26153846153846155,0.09752321981424143,12.666666666666666,0.28,0.037037037037037035
261,1.1666666666666667,202.23744843778871,0.27692307692307694,0.12962962962962957,14.0,0.4511111111111111,0.0
262,1.2,234.0293507788841,0.34615384615384615,0.13333333333333333,27.0,0.5888888888888888,0.018518518518518517
263,1.2352941176470589,171.32688844603254,0.26153846153846155,0.15546218487394955,14.0,0.2333333333333333,0.0625
264,1.0606060606060606,146.48438483210634,0.25384615384615383,0.0536796536796537,17.5,0.23529411764705882,0.05263157894736842
265,1.170731707317073,189.50974253146046,0.3153846153846154,0.13109756097560976,16.0,0.2916666666666667,0.1
266,1.1470588235294117,190.8365888282315,0.26153846153846155,0.11538461538461539,13.0,0.3133333333333333,0.0
267,1.2173913043478262,214.20991777813748,0.35384615384615387,0.14673913043478262,1.4736842105263157,0.07291666666666667,0.7647058823529411
268,1.15625,168.65606576891938,0.24615384615384617,0.11402027027027029,18.5,0.5,0.06666666666666667
269,1.1818181818181819,172.645384981674,0.25384615384615383,0.12587412587412586,19.5,0.17307692307692307,0.1
270,1.1714285714285715,193.32217368466814,0.2692307692307692,0.12822299651567945,13.666666666666666,0.38095238095238093,0.0
271,1.6736842105263159,453.25556494425257,0.7307692307692307,0.26401853690830857,26.5,0.34206305813741567,0.1568627450980392
272,1.1515151515151516,139.15797043355,0.25384615384615383,0.11164274322169064,19.0,0.4214285714285715,0.030303030303030304
273,1.064516129032258,165.8042904494578,0.23846153846153847,0.05669599217986315,16.5,0.13636363636363635,0.2727272727272727
274,1.25,281.0857737917994,0.4307692307692308,0.16224489795918373,23.333333333333332,0.32142857142857145,0.08571428571428572
275,1.2432432432432432,184.98677953394608,0.2846153846153846,0.16451233842538188,15.333333333333334,0.31666666666666665,0.04
276,1.8297872340425532,457.3833890624896,0.7230769230769231,0.24690747154873818,34.4,0.4623626373626374,0.008
277,1.0909090909090908,171.0299832098452,0.25384615384615383,0.07575757575757576,18.0,0.3055555555555556,0.0
278,1.625,459.5547332519637,0.7384615384615385,0.24946581196581188,39.0,0.41065919374742904,0.037383177570093455
279,1.2173913043478262,257.2291879052815,0.35384615384615387,0.14673913043478262,18.666666666666668,0.24154589371980675,0.16071428571428573
280,1.3571428571428572,284.34236401930843,0.4307692307692308,0.19313909774436094,25.333333333333332,0.5117880485527544,0.11842105263157894
281,1.7802197802197801,461.461603623774,0.7,0.2827296160629494,32.4,0.3281481481481482,0.05660377358490566
282,1.0740740740740742,132.88509232205323,0.2076923076923077,0.06385696040868459,14.5,0.23684210526315788,0.1
283,1.0454545454545454,226.01884011371874,0.3384615384615385,0.041501976284585046,23.0,0.5075757575757576,0.0
284,1.15,196.5961374752246,0.3076923076923077,0.11086956521739122,23.0,0.6708333333333334,0.10344827586206896
285,1.170731707317073,199.36380332595164,0.3153846153846154,0.13211382113821132,12.0,0.2280487804878049,0.08333333333333333
286,1.1851851851851851,131.3791342206867,0.2076923076923077,0.12731481481481483,16.0,0.1388888888888889,0.0
287,1.1944444444444444,199.3231459155711,0.27692307692307694,0.13113695090439276,21.5,0.31153846153846154,0.03225806451612903
288,1.2432432432432432,160.9024746778162,0.2846153846153846,0.14806110458284374,23.0,0.38666666666666666,0.0967741935483871
289,1.6153846153846154,488.0187421229115,0.7,0.2523734768632727,29.4,0.2161290322580645,0.05102040816326531
290,1.2452830188679245,277.1508970398228,0.4076923076923077,0.1612349914236707,22.0,0.47541452258433387,0.030303030303030304
291,1.1714285714285715,177.22586404932457,0.2692307692307692,0.12125435540069682,20.5,0.2631578947368421,0.04
292,1.12,111.52332579310564,0.19230769230769232,0.1,9.333333333333334,0.14583333333333334,0.05555555555555555
293,1.125,253.51400687094798,0.36923076923076925,0.09722222222222217,27.0,0.3645833333333333,0.09259259259259259
294,1.7471264367816093,435.8100741944871,0.6692307692307692,0.279643073200242,38.0,0.4896739130434783,0.09278350515463918
295,1.788888888888889,447.8538402097945,0.6923076923076923,0.27612146307798485,32.2,0.3225505544683627,0.06349206349206349
296,1.4047619047619047,193.55779391358678,0.3230769230769231,0.20540758676351903,1.5945945945945945,0.06547619047619048,0.7441860465116279
297,1.2692307692307692,268.47417643393896,0.4,0.16899766899766902,1.6097560975609757,0.045314900153609824,0.8222222222222222
298,1.3076923076923077,171.7439593738179,0.3,0.19004524886877833,17.0,0.40170940170940167,0.0
299,1.2105263157894737,260.6726117459949,0.43846153846153846,0.1372997711670481,34.5,0.4122807017543859,0.07246376811594203
300,1.1388888888888888,180.31647200117925,0.27692307692307694,0.10501355013550137,20.5,0.375,0.0
