trader_id,date,portfolio_value,unrealized_pnl,realized_pnl,cash,equity,deposits_withdrawals
16,2024-01-01,1895.4504049156324,0.0,0.0,0.0,1895.4504049156324,0.0
16,2024-01-02,1853.151480342071,0.0,0.0,0.0,1853.151480342071,0.0
16,2024-01-04,3046.5910733789306,0.0,0.0,0.0,3046.5910733789306,0.0
16,2024-01-05,1810.7366620311052,0.0,0.0,0.0,1810.7366620311052,0.0
16,2024-01-08,1798.101068167588,0.0,0.0,0.0,1798.101068167588,0.0
16,2024-01-10,1830.210274018242,0.0,0.0,0.0,1830.210274018242,0.0
16,2024-01-11,1842.9527152751143,0.0,0.0,0.0,1842.9527152751143,0.0
16,2024-01-15,1928.1403769677183,0.0,0.0,0.0,1928.1403769677183,0.0
16,2024-01-16,1845.142455009999,0.0,0.0,0.0,1845.142455009999,0.0
16,2024-01-17,3109.151166615353,0.0,0.0,0.0,3109.151166615353,0.0
16,2024-01-18,1890.351932325345,0.0,0.0,0.0,1890.351932325345,0.0
16,2024-01-22,1924.6345253737352,0.0,0.0,0.0,1924.6345253737352,0.0
16,2024-01-25,1877.1648971731736,0.0,0.0,0.0,1877.1648971731736,0.0
16,2024-01-26,1885.916371253225,0.0,0.0,0.0,1885.916371253225,0.0
16,2024-01-29,3102.5743959254205,0.0,0.0,0.0,3102.5743959254205,0.0
16,2024-01-30,1934.1318021201755,0.0,0.0,0.0,1934.1318021201755,0.0
16,2024-01-31,1902.086433099604,0.0,0.0,0.0,1902.086433099604,0.0
16,2024-02-01,1902.7376430901393,0.0,0.0,0.0,1902.7376430901393,0.0
16,2024-02-02,2006.0819650952285,0.0,0.0,0.0,2006.0819650952285,0.0
16,2024-02-05,1929.816050837602,0.0,0.0,0.0,1929.816050837602,0.0
16,2024-02-06,1984.5434672069237,0.0,0.0,0.0,1984.5434672069237,0.0
16,2024-02-08,1852.527071460614,0.0,0.0,0.0,1852.527071460614,0.0
16,2024-02-09,1872.690447388271,0.0,0.0,0.0,1872.690447388271,0.0
16,2024-02-12,1927.969277618021,0.0,0.0,0.0,1927.969277618021,0.0
16,2024-02-15,2023.1072277487235,0.0,0.0,0.0,2023.1072277487235,0.0
16,2024-02-19,2002.4231902961624,0.0,0.0,0.0,2002.4231902961624,0.0
16,2024-02-20,1864.9348141813616,0.0,0.0,0.0,1864.9348141813616,0.0
16,2024-02-22,1792.6964783688973,0.0,0.0,0.0,1792.6964783688973,0.0
16,2024-02-26,1880.6138123986843,0.0,0.0,0.0,1880.6138123986843,0.0
16,2024-02-28,1792.4724014529456,0.0,0.0,0.0,1792.4724014529456,0.0
16,2024-02-29,1851.160377220116,0.0,0.0,0.0,1851.160377220116,0.0
16,2024-03-01,1941.748996709348,0.0,0.0,0.0,1941.748996709348,0.0
16,2024-03-04,1893.7583325122223,0.0,0.0,0.0,1893.7583325122223,0.0
16,2024-03-05,1962.4716631275455,0.0,0.0,0.0,1962.4716631275455,0.0
16,2024-03-06,1848.6370026979196,0.0,0.0,0.0,1848.6370026979196,0.0
16,2024-03-07,1832.36394842177,0.0,0.0,0.0,1832.36394842177,0.0
16,2024-03-11,1833.2854743547305,0.0,0.0,0.0,1833.2854743547305,0.0
16,2024-03-12,1840.180892870521,0.0,0.0,0.0,1840.180892870521,0.0
16,2024-03-13,3827.765173670288,0.0,0.0,0.0,3827.765173670288,0.0
16,2024-03-15,1932.428487137179,0.0,0.0,0.0,1932.428487137179,0.0
16,2024-03-20,1948.5539933813172,0.0,0.0,0.0,1948.5539933813172,0.0
16,2024-03-21,1959.9487048078847,0.0,0.0,0.0,1959.9487048078847,0.0
16,2024-03-22,1945.7920019991911,0.0,0.0,0.0,1945.7920019991911,0.0
16,2024-03-25,1984.6855720794713,0.0,0.0,0.0,1984.6855720794713,0.0
16,2024-03-26,2073.969143143781,0.0,0.0,0.0,2073.969143143781,0.0
16,2024-03-27,6166.28801704016,0.0,0.0,0.0,6166.28801704016,0.0
16,2024-03-29,1958.483998543768,0.0,0.0,0.0,1958.483998543768,0.0
16,2024-04-01,1879.9931843951144,0.0,0.0,0.0,1879.9931843951144,0.0
16,2024-04-02,1969.7608112274777,0.0,0.0,0.0,1969.7608112274777,0.0
16,2024-04-03,2984.451273321888,0.0,0.0,0.0,2984.451273321888,0.0
16,2024-04-04,1955.381096167748,0.0,0.0,0.0,1955.381096167748,0.0
16,2024-04-05,1938.0112023191857,0.0,0.0,0.0,1938.0112023191857,0.0
16,2024-04-09,1998.3068954456312,0.0,0.0,0.0,1998.3068954456312,0.0
16,2024-04-10,2009.6707051067183,0.0,0.0,0.0,2009.6707051067183,0.0
16,2024-04-15,2877.5553831887223,0.0,0.0,0.0,2877.5553831887223,0.0
16,2024-04-17,1834.941430090576,0.0,0.0,0.0,1834.941430090576,0.0
16,2024-04-19,1958.067203494181,0.0,0.0,0.0,1958.067203494181,0.0
16,2024-04-22,1940.2836501415393,0.0,0.0,0.0,1940.2836501415393,0.0
16,2024-04-25,1887.3555419618856,0.0,0.0,0.0,1887.3555419618856,0.0
16,2024-04-26,1778.7438068206532,0.0,0.0,0.0,1778.7438068206532,0.0
16,2024-04-29,1868.2383555927331,0.0,0.0,0.0,1868.2383555927331,0.0
16,2024-04-30,1796.192188014439,0.0,0.0,0.0,1796.192188014439,0.0
16,2024-05-01,3781.671967168452,0.0,0.0,0.0,3781.671967168452,0.0
16,2024-05-02,1696.2715065535194,0.0,0.0,0.0,1696.2715065535194,0.0
16,2024-05-03,1697.885589678608,0.0,0.0,0.0,1697.885589678608,0.0
16,2024-05-06,1735.9180751049637,0.0,0.0,0.0,1735.9180751049637,0.0
16,2024-05-08,4377.703286185602,0.0,0.0,0.0,4377.703286185602,0.0
16,2024-05-10,1605.9013624440036,0.0,0.0,0.0,1605.9013624440036,0.0
16,2024-05-14,1598.976111116932,0.0,0.0,0.0,1598.976111116932,0.0
16,2024-05-16,1574.2102466854594,0.0,0.0,0.0,1574.2102466854594,0.0
16,2024-05-20,1629.0390920037387,0.0,0.0,0.0,1629.0390920037387,0.0
16,2024-05-27,1388.1137212997262,0.0,0.0,0.0,1388.1137212997262,0.0
16,2024-05-31,1368.5671816777497,0.0,0.0,0.0,1368.5671816777497,0.0
16,2024-06-03,1371.0690747347178,0.0,0.0,0.0,1371.0690747347178,0.0
16,2024-06-06,1473.7415416127185,0.0,0.0,0.0,1473.7415416127185,0.0
16,2024-06-07,1534.8726309085373,0.0,0.0,0.0,1534.8726309085373,0.0
16,2024-06-10,1422.4279455904095,0.0,0.0,0.0,1422.4279455904095,0.0
16,2024-06-11,2513.816758352137,0.0,0.0,0.0,2513.816758352137,0.0
16,2024-06-12,1422.9178482617792,0.0,0.0,0.0,1422.9178482617792,0.0
16,2024-06-14,1554.761049834451,0.0,0.0,0.0,1554.761049834451,0.0
16,2024-06-17,1545.8060475661723,0.0,0.0,0.0,1545.8060475661723,0.0
16,2024-06-18,1540.009134745338,0.0,0.0,0.0,1540.009134745338,0.0
16,2024-06-20,1605.6392352941407,0.0,0.0,0.0,1605.6392352941407,0.0
16,2024-06-25,1635.400945651615,0.0,0.0,0.0,1635.400945651615,0.0
16,2024-06-26,2702.826428883695,0.0,0.0,0.0,2702.826428883695,0.0
16,2024-06-28,2635.1724650631054,0.0,0.0,0.0,2635.1724650631054,0.0
17,2024-01-10,1542.0126227034182,0.0,0.0,0.0,1542.0126227034182,0.0
17,2024-01-11,434.5933319170885,0.0,0.0,0.0,434.5933319170885,0.0
17,2024-01-12,2199.364741942682,0.0,0.0,0.0,2199.364741942682,0.0
17,2024-01-15,1960.771849114826,0.0,0.0,0.0,1960.771849114826,0.0
17,2024-01-16,1937.347519163015,0.0,0.0,0.0,1937.347519163015,0.0
17,2024-01-17,2967.5243148406053,0.0,0.0,0.0,2967.5243148406053,0.0
17,2024-01-25,1011.8758507054124,0.0,0.0,0.0,1011.8758507054124,0.0
17,2024-01-29,1514.7265844298838,0.0,0.0,0.0,1514.7265844298838,0.0
17,2024-01-31,1717.2478474205436,0.0,0.0,0.0,1717.2478474205436,0.0
17,2024-02-07,847.6251228021823,0.0,0.0,0.0,847.6251228021823,0.0
17,2024-02-08,471.781996557784,0.0,0.0,0.0,471.781996557784,0.0
17,2024-02-09,1451.7100626981314,0.0,0.0,0.0,1451.7100626981314,0.0
17,2024-02-12,2041.9449764421483,0.0,0.0,0.0,2041.9449764421483,0.0
17,2024-02-13,1645.7143235484475,0.0,0.0,0.0,1645.7143235484475,0.0
17,2024-02-14,1492.2834630079703,0.0,0.0,0.0,1492.2834630079703,0.0
17,2024-02-20,237.4216726824166,0.0,0.0,0.0,237.4216726824166,0.0
17,2024-02-21,499.14729870219304,0.0,0.0,0.0,499.14729870219304,0.0
17,2024-02-23,487.8111256662039,0.0,0.0,0.0,487.8111256662039,0.0
17,2024-02-26,1667.2777449880252,0.0,0.0,0.0,1667.2777449880252,0.0
17,2024-02-27,151.2992639734385,0.0,0.0,0.0,151.2992639734385,0.0
17,2024-02-29,300.80058924147505,0.0,0.0,0.0,300.80058924147505,0.0
17,2024-03-07,273.83142327572904,0.0,0.0,0.0,273.83142327572904,0.0
17,2024-03-11,755.5534724608536,0.0,0.0,0.0,755.5534724608536,0.0
17,2024-03-12,1157.0716679504858,0.0,0.0,0.0,1157.0716679504858,0.0
17,2024-03-18,1094.8173421091233,0.0,0.0,0.0,1094.8173421091233,0.0
17,2024-03-19,471.75920744409274,0.0,0.0,0.0,471.75920744409274,0.0
17,2024-03-21,101.64032065972336,0.0,0.0,0.0,101.64032065972336,0.0
17,2024-03-25,783.6487636259128,0.0,0.0,0.0,783.6487636259128,0.0
17,2024-03-27,482.1025032662064,0.0,0.0,0.0,482.1025032662064,0.0
17,2024-03-28,518.8456409539642,0.0,0.0,0.0,518.8456409539642,0.0
17,2024-04-01,1292.3009659521672,0.0,0.0,0.0,1292.3009659521672,0.0
17,2024-04-03,340.0364102574903,0.0,0.0,0.0,340.0364102574903,0.0
17,2024-04-10,887.8258153230616,0.0,0.0,0.0,887.8258153230616,0.0
17,2024-04-11,1595.0118601430722,0.0,0.0,0.0,1595.0118601430722,0.0
17,2024-04-12,292.82195037959684,0.0,0.0,0.0,292.82195037959684,0.0
17,2024-04-16,515.2172653263359,0.0,0.0,0.0,515.2172653263359,0.0
17,2024-04-17,440.5848150404028,0.0,0.0,0.0,440.5848150404028,0.0
17,2024-04-23,2019.506682387876,0.0,0.0,0.0,2019.506682387876,0.0
17,2024-05-01,3905.75003122338,0.0,0.0,0.0,3905.75003122338,0.0
17,2024-05-02,1600.1974992973442,0.0,0.0,0.0,1600.1974992973442,0.0
17,2024-05-09,487.7127672457956,0.0,0.0,0.0,487.7127672457956,0.0
17,2024-05-13,2009.032890037399,0.0,0.0,0.0,2009.032890037399,0.0
17,2024-05-14,1741.318948540948,0.0,0.0,0.0,1741.318948540948,0.0
17,2024-05-16,3465.778008096116,0.0,0.0,0.0,3465.778008096116,0.0
17,2024-05-17,483.61341463058346,0.0,0.0,0.0,483.61341463058346,0.0
17,2024-05-20,624.8273364775719,0.0,0.0,0.0,624.8273364775719,0.0
17,2024-05-28,4434.792013933737,0.0,0.0,0.0,4434.792013933737,0.0
17,2024-05-30,1540.055197664772,0.0,0.0,0.0,1540.055197664772,0.0
17,2024-06-04,450.24351209461463,0.0,0.0,0.0,450.24351209461463,0.0
17,2024-06-06,1594.5865163870214,0.0,0.0,0.0,1594.5865163870214,0.0
17,2024-06-07,1286.9124988243884,0.0,0.0,0.0,1286.9124988243884,0.0
17,2024-06-11,1188.2628977657378,0.0,0.0,0.0,1188.2628977657378,0.0
17,2024-06-12,148.1612121413988,0.0,0.0,0.0,148.1612121413988,0.0
17,2024-06-14,3136.941335231569,0.0,0.0,0.0,3136.941335231569,0.0
17,2024-06-17,421.5897946294028,0.0,0.0,0.0,421.5897946294028,0.0
17,2024-06-18,1429.9835612531929,0.0,0.0,0.0,1429.9835612531929,0.0
17,2024-06-20,1254.9015417412209,0.0,0.0,0.0,1254.9015417412209,0.0
17,2024-06-26,947.8497735075144,0.0,0.0,0.0,947.8497735075144,0.0
17,2024-06-27,836.9580353585185,0.0,0.0,0.0,836.9580353585185,0.0
18,2024-01-01,1641.4550256736884,0.0,0.0,0.0,1641.4550256736884,0.0
18,2024-01-04,1698.2649602851088,0.0,0.0,0.0,1698.2649602851088,0.0
18,2024-01-08,1799.0210578322403,0.0,0.0,0.0,1799.0210578322403,0.0
18,2024-01-09,1776.4332279633018,0.0,0.0,0.0,1776.4332279633018,0.0
18,2024-01-15,1857.4719115503365,0.0,0.0,0.0,1857.4719115503365,0.0
18,2024-01-18,1859.14653572534,0.0,0.0,0.0,1859.14653572534,0.0
18,2024-01-31,3308.2884437298544,0.0,0.0,0.0,3308.2884437298544,0.0
18,2024-02-06,2229.7278294744356,0.0,0.0,0.0,2229.7278294744356,0.0
18,2024-02-12,2256.6881221233684,0.0,0.0,0.0,2256.6881221233684,0.0
18,2024-02-14,2885.363563920769,0.0,0.0,0.0,2885.363563920769,0.0
18,2024-02-26,2340.531161008503,0.0,0.0,0.0,2340.531161008503,0.0
18,2024-03-06,2165.2500909625273,0.0,0.0,0.0,2165.2500909625273,0.0
18,2024-03-08,2879.1644996592663,0.0,0.0,0.0,2879.1644996592663,0.0
18,2024-03-19,2261.491219841504,0.0,0.0,0.0,2261.491219841504,0.0
18,2024-03-25,2221.102260332727,0.0,0.0,0.0,2221.102260332727,0.0
18,2024-03-27,2294.861929441579,0.0,0.0,0.0,2294.861929441579,0.0
18,2024-04-01,2289.819219585044,0.0,0.0,0.0,2289.819219585044,0.0
18,2024-04-09,2880.1678936444937,0.0,0.0,0.0,2880.1678936444937,0.0
18,2024-04-12,2297.268914337886,0.0,0.0,0.0,2297.268914337886,0.0
18,2024-04-15,2320.7835472166284,0.0,0.0,0.0,2320.7835472166284,0.0
18,2024-04-16,2351.6853560800255,0.0,0.0,0.0,2351.6853560800255,0.0
18,2024-04-19,2301.5030192789413,0.0,0.0,0.0,2301.5030192789413,0.0
18,2024-04-23,2390.7547906436284,0.0,0.0,0.0,2390.7547906436284,0.0
18,2024-04-24,2396.5825122934334,0.0,0.0,0.0,2396.5825122934334,0.0
18,2024-04-29,2358.564937111198,0.0,0.0,0.0,2358.564937111198,0.0
18,2024-05-02,2302.3254832958214,0.0,0.0,0.0,2302.3254832958214,0.0
18,2024-05-08,2228.837548251479,0.0,0.0,0.0,2228.837548251479,0.0
18,2024-05-13,2080.969119661823,0.0,0.0,0.0,2080.969119661823,0.0
18,2024-05-15,2071.1500372498876,0.0,0.0,0.0,2071.1500372498876,0.0
18,2024-05-22,2686.661776189551,0.0,0.0,0.0,2686.661776189551,0.0
18,2024-05-27,1940.5886951697807,0.0,0.0,0.0,1940.5886951697807,0.0
18,2024-06-04,2491.4551437522623,0.0,0.0,0.0,2491.4551437522623,0.0
18,2024-06-05,1861.4563320298848,0.0,0.0,0.0,1861.4563320298848,0.0
18,2024-06-07,1865.423306579311,0.0,0.0,0.0,1865.423306579311,0.0
18,2024-06-17,1885.8993049884132,0.0,0.0,0.0,1885.8993049884132,0.0
18,2024-06-18,1900.4037721583936,0.0,0.0,0.0,1900.4037721583936,0.0
18,2024-06-24,2525.8880802063004,0.0,0.0,0.0,2525.8880802063004,0.0
18,2024-06-27,3202.673737663811,0.0,0.0,0.0,3202.673737663811,0.0
19,2024-01-02,3112.737912599705,0.0,0.0,0.0,3112.737912599705,0.0
19,2024-01-03,1725.6022891047733,0.0,0.0,0.0,1725.6022891047733,0.0
19,2024-01-05,1709.2999474947835,0.0,0.0,0.0,1709.2999474947835,0.0
19,2024-01-09,3398.4513486809924,0.0,0.0,0.0,3398.4513486809924,0.0
19,2024-01-10,1670.9128372141026,0.0,0.0,0.0,1670.9128372141026,0.0
19,2024-01-11,1707.361838553349,0.0,0.0,0.0,1707.361838553349,0.0
19,2024-01-12,3162.3720234880275,0.0,0.0,0.0,3162.3720234880275,0.0
19,2024-01-15,1683.2517071029586,0.0,0.0,0.0,1683.2517071029586,0.0
19,2024-01-16,1693.6274625581705,0.0,0.0,0.0,1693.6274625581705,0.0
19,2024-01-17,3109.898950241983,0.0,0.0,0.0,3109.898950241983,0.0
19,2024-01-18,3078.249690143485,0.0,0.0,0.0,3078.249690143485,0.0
19,2024-01-23,1702.7189843038227,0.0,0.0,0.0,1702.7189843038227,0.0
19,2024-01-26,3030.421827443632,0.0,0.0,0.0,3030.421827443632,0.0
19,2024-01-29,3344.528007075095,0.0,0.0,0.0,3344.528007075095,0.0
19,2024-01-31,3352.4579449364237,0.0,0.0,0.0,3352.4579449364237,0.0
19,2024-02-01,3008.232293844578,0.0,0.0,0.0,3008.232293844578,0.0
19,2024-02-02,1638.3826995459651,0.0,0.0,0.0,1638.3826995459651,0.0
19,2024-02-06,1610.6724031421663,0.0,0.0,0.0,1610.6724031421663,0.0
19,2024-02-07,1564.5545211957324,0.0,0.0,0.0,1564.5545211957324,0.0
19,2024-02-08,2875.328931862662,0.0,0.0,0.0,2875.328931862662,0.0
19,2024-02-09,1543.3725055917066,0.0,0.0,0.0,1543.3725055917066,0.0
19,2024-02-12,2890.076268988205,0.0,0.0,0.0,2890.076268988205,0.0
19,2024-02-13,1530.9042354111866,0.0,0.0,0.0,1530.9042354111866,0.0
19,2024-02-15,1529.7400503675476,0.0,0.0,0.0,1529.7400503675476,0.0
19,2024-02-16,1519.8436623339971,0.0,0.0,0.0,1519.8436623339971,0.0
19,2024-02-21,1554.6681064467818,0.0,0.0,0.0,1554.6681064467818,0.0
19,2024-02-22,1559.4022991818722,0.0,0.0,0.0,1559.4022991818722,0.0
19,2024-02-26,2974.4540800349137,0.0,0.0,0.0,2974.4540800349137,0.0
19,2024-02-29,3005.9918588475857,0.0,0.0,0.0,3005.9918588475857,0.0
19,2024-03-01,1613.1626916207745,0.0,0.0,0.0,1613.1626916207745,0.0
19,2024-03-04,1599.4048837444416,0.0,0.0,0.0,1599.4048837444416,0.0
19,2024-03-05,1592.6110131816297,0.0,0.0,0.0,1592.6110131816297,0.0
19,2024-03-06,3007.596599022187,0.0,0.0,0.0,3007.596599022187,0.0
19,2024-03-07,3245.750619688726,0.0,0.0,0.0,3245.750619688726,0.0
19,2024-03-08,3193.705029907769,0.0,0.0,0.0,3193.705029907769,0.0
19,2024-03-12,2983.9951430063634,0.0,0.0,0.0,2983.9951430063634,0.0
19,2024-03-13,1630.2673927592398,0.0,0.0,0.0,1630.2673927592398,0.0
19,2024-03-14,1620.6254213467328,0.0,0.0,0.0,1620.6254213467328,0.0
19,2024-03-15,1620.6600201288074,0.0,0.0,0.0,1620.6600201288074,0.0
19,2024-03-18,2914.7683204450914,0.0,0.0,0.0,2914.7683204450914,0.0
19,2024-03-19,1593.1996726271475,0.0,0.0,0.0,1593.1996726271475,0.0
19,2024-03-20,2945.138977639186,0.0,0.0,0.0,2945.138977639186,0.0
19,2024-03-22,3312.9941025923363,0.0,0.0,0.0,3312.9941025923363,0.0
19,2024-03-25,3316.388037232129,0.0,0.0,0.0,3316.388037232129,0.0
19,2024-03-26,1658.4929636637485,0.0,0.0,0.0,1658.4929636637485,0.0
19,2024-03-28,1622.055566768469,0.0,0.0,0.0,1622.055566768469,0.0
19,2024-03-29,2940.105997044923,0.0,0.0,0.0,2940.105997044923,0.0
19,2024-04-01,1621.4241800726272,0.0,0.0,0.0,1621.4241800726272,0.0
19,2024-04-02,2936.9112281573316,0.0,0.0,0.0,2936.9112281573316,0.0
19,2024-04-03,1633.8829040156406,0.0,0.0,0.0,1633.8829040156406,0.0
19,2024-04-04,1614.062104546109,0.0,0.0,0.0,1614.062104546109,0.0
19,2024-04-05,1603.4220435447548,0.0,0.0,0.0,1603.4220435447548,0.0
19,2024-04-08,4410.792080734353,0.0,0.0,0.0,4410.792080734353,0.0
19,2024-04-09,1650.3243562079522,0.0,0.0,0.0,1650.3243562079522,0.0
19,2024-04-10,1614.6027146741735,0.0,0.0,0.0,1614.6027146741735,0.0
19,2024-04-11,1647.4595993114178,0.0,0.0,0.0,1647.4595993114178,0.0
19,2024-04-12,1647.3365134464052,0.0,0.0,0.0,1647.3365134464052,0.0
19,2024-04-16,2842.7074254067234,0.0,0.0,0.0,2842.7074254067234,0.0
19,2024-04-19,3219.6291960408457,0.0,0.0,0.0,3219.6291960408457,0.0
19,2024-04-22,1687.085692207413,0.0,0.0,0.0,1687.085692207413,0.0
19,2024-04-23,1701.2338816647143,0.0,0.0,0.0,1701.2338816647143,0.0
19,2024-04-24,1703.2499445838075,0.0,0.0,0.0,1703.2499445838075,0.0
19,2024-04-25,2813.454446559789,0.0,0.0,0.0,2813.454446559789,0.0
19,2024-04-26,1683.5748822472376,0.0,0.0,0.0,1683.5748822472376,0.0
19,2024-04-29,1668.5820436367485,0.0,0.0,0.0,1668.5820436367485,0.0
19,2024-04-30,1644.4619394531217,0.0,0.0,0.0,1644.4619394531217,0.0
19,2024-05-06,1611.735825119921,0.0,0.0,0.0,1611.735825119921,0.0
19,2024-05-07,1594.8901863525211,0.0,0.0,0.0,1594.8901863525211,0.0
19,2024-05-08,2748.8602930072157,0.0,0.0,0.0,2748.8602930072157,0.0
19,2024-05-10,1546.9197108652,0.0,0.0,0.0,1546.9197108652,0.0
19,2024-05-15,1544.715583571757,0.0,0.0,0.0,1544.715583571757,0.0
19,2024-05-16,3124.755085052936,0.0,0.0,0.0,3124.755085052936,0.0
19,2024-05-17,1574.732520300702,0.0,0.0,0.0,1574.732520300702,0.0
19,2024-05-20,2778.8925165217743,0.0,0.0,0.0,2778.8925165217743,0.0
19,2024-05-21,1589.850530963813,0.0,0.0,0.0,1589.850530963813,0.0
19,2024-05-22,4323.126268965195,0.0,0.0,0.0,4323.126268965195,0.0
19,2024-05-24,1568.3456189512713,0.0,0.0,0.0,1568.3456189512713,0.0
19,2024-05-28,1620.0755003923828,0.0,0.0,0.0,1620.0755003923828,0.0
19,2024-05-29,1616.1141348422243,0.0,0.0,0.0,1616.1141348422243,0.0
19,2024-05-30,1597.35678674559,0.0,0.0,0.0,1597.35678674559,0.0
19,2024-06-04,1575.717281691966,0.0,0.0,0.0,1575.717281691966,0.0
19,2024-06-05,1600.889198651391,0.0,0.0,0.0,1600.889198651391,0.0
19,2024-06-06,1638.5640812453876,0.0,0.0,0.0,1638.5640812453876,0.0
19,2024-06-07,2874.5351691425817,0.0,0.0,0.0,2874.5351691425817,0.0
19,2024-06-12,2814.3242844252236,0.0,0.0,0.0,2814.3242844252236,0.0
19,2024-06-13,1609.5072384757605,0.0,0.0,0.0,1609.5072384757605,0.0
19,2024-06-14,2817.5626228401343,0.0,0.0,0.0,2817.5626228401343,0.0
19,2024-06-19,3265.8391976828134,0.0,0.0,0.0,3265.8391976828134,0.0
19,2024-06-21,2958.94701369975,0.0,0.0,0.0,2958.94701369975,0.0
19,2024-06-24,1605.9049782647917,0.0,0.0,0.0,1605.9049782647917,0.0
19,2024-06-26,3355.670263610528,0.0,0.0,0.0,3355.670263610528,0.0
19,2024-06-28,1585.219837984346,0.0,0.0,0.0,1585.219837984346,0.0
20,2024-01-01,215.91112515422697,0.0,0.0,0.0,215.91112515422697,0.0
20,2024-01-08,274.44530392147595,0.0,0.0,0.0,274.44530392147595,0.0
20,2024-01-12,476.5253247620757,0.0,0.0,0.0,476.5253247620757,0.0
20,2024-01-15,788.6793950307863,0.0,0.0,0.0,788.6793950307863,0.0
20,2024-01-18,1453.8919455176351,0.0,0.0,0.0,1453.8919455176351,0.0
20,2024-01-19,1820.8440391666293,0.0,0.0,0.0,1820.8440391666293,0.0
20,2024-01-22,824.1317438637897,0.0,0.0,0.0,824.1317438637897,0.0
20,2024-01-24,1196.9073466470911,0.0,0.0,0.0,1196.9073466470911,0.0
20,2024-01-25,1010.7001821182648,0.0,0.0,0.0,1010.7001821182648,0.0
20,2024-01-31,645.5735197442549,0.0,0.0,0.0,645.5735197442549,0.0
20,2024-02-02,748.1008597791927,0.0,0.0,0.0,748.1008597791927,0.0
20,2024-02-06,1300.9429994747877,0.0,0.0,0.0,1300.9429994747877,0.0
20,2024-02-08,341.55782169498195,0.0,0.0,0.0,341.55782169498195,0.0
20,2024-02-12,1094.535319529471,0.0,0.0,0.0,1094.535319529471,0.0
20,2024-02-13,1628.853112780234,0.0,0.0,0.0,1628.853112780234,0.0
20,2024-02-15,883.2820473325185,0.0,0.0,0.0,883.2820473325185,0.0
20,2024-02-22,1069.5753595365536,0.0,0.0,0.0,1069.5753595365536,0.0
20,2024-02-28,1247.3344802747731,0.0,0.0,0.0,1247.3344802747731,0.0
20,2024-02-29,1105.5488052858143,0.0,0.0,0.0,1105.5488052858143,0.0
20,2024-03-01,1101.7577112813017,0.0,0.0,0.0,1101.7577112813017,0.0
20,2024-03-04,1323.45786772145,0.0,0.0,0.0,1323.45786772145,0.0
20,2024-03-05,1561.2487745728008,0.0,0.0,0.0,1561.2487745728008,0.0
20,2024-03-07,343.7193442425307,0.0,0.0,0.0,343.7193442425307,0.0
20,2024-03-12,449.8989765574776,0.0,0.0,0.0,449.8989765574776,0.0
20,2024-03-14,1450.4044202379066,0.0,0.0,0.0,1450.4044202379066,0.0
20,2024-03-19,471.2964988155264,0.0,0.0,0.0,471.2964988155264,0.0
20,2024-03-21,314.2560351612487,0.0,0.0,0.0,314.2560351612487,0.0
20,2024-03-25,703.7039105956898,0.0,0.0,0.0,703.7039105956898,0.0
20,2024-03-27,1396.0426697435448,0.0,0.0,0.0,1396.0426697435448,0.0
20,2024-03-28,405.2276603432659,0.0,0.0,0.0,405.2276603432659,0.0
20,2024-04-01,1432.622806083696,0.0,0.0,0.0,1432.622806083696,0.0
20,2024-04-04,1243.7908438970735,0.0,0.0,0.0,1243.7908438970735,0.0
20,2024-04-05,1362.119376116373,0.0,0.0,0.0,1362.119376116373,0.0
20,2024-04-09,1493.5962487129314,0.0,0.0,0.0,1493.5962487129314,0.0
20,2024-04-11,481.2334607444599,0.0,0.0,0.0,481.2334607444599,0.0
20,2024-04-12,293.3267637511727,0.0,0.0,0.0,293.3267637511727,0.0
20,2024-04-15,353.04278592310413,0.0,0.0,0.0,353.04278592310413,0.0
20,2024-04-30,478.6010479775166,0.0,0.0,0.0,478.6010479775166,0.0
20,2024-05-02,810.1966824037895,0.0,0.0,0.0,810.1966824037895,0.0
20,2024-05-03,1778.9399140682165,0.0,0.0,0.0,1778.9399140682165,0.0
20,2024-05-08,1074.208935601578,0.0,0.0,0.0,1074.208935601578,0.0
20,2024-05-17,848.1845234661183,0.0,0.0,0.0,848.1845234661183,0.0
20,2024-05-24,591.8286932866789,0.0,0.0,0.0,591.8286932866789,0.0
20,2024-05-29,1466.433343393143,0.0,0.0,0.0,1466.433343393143,0.0
20,2024-06-03,698.4155967100562,0.0,0.0,0.0,698.4155967100562,0.0
20,2024-06-04,450.60037740632333,0.0,0.0,0.0,450.60037740632333,0.0
20,2024-06-05,1390.537219151051,0.0,0.0,0.0,1390.537219151051,0.0
20,2024-06-07,1114.071735509122,0.0,0.0,0.0,1114.071735509122,0.0
20,2024-06-11,1190.1741125169178,0.0,0.0,0.0,1190.1741125169178,0.0
20,2024-06-13,1887.8575877598455,0.0,0.0,0.0,1887.8575877598455,0.0
20,2024-06-14,1723.1563287143167,0.0,0.0,0.0,1723.1563287143167,0.0
20,2024-06-17,1190.064789704595,0.0,0.0,0.0,1190.064789704595,0.0
20,2024-06-20,373.0151469688536,0.0,0.0,0.0,373.0151469688536,0.0
20,2024-06-21,1143.283248029661,0.0,0.0,0.0,1143.283248029661,0.0
20,2024-06-25,1370.995692207935,0.0,0.0,0.0,1370.995692207935,0.0
20,2024-06-27,1413.041698427165,0.0,0.0,0.0,1413.041698427165,0.0
21,2024-01-03,1193.3505038220062,0.0,0.0,0.0,1193.3505038220062,0.0
21,2024-01-04,1173.6207766707496,0.0,0.0,0.0,1173.6207766707496,0.0
21,2024-01-16,1184.334510133692,0.0,0.0,0.0,1184.334510133692,0.0
21,2024-01-17,1179.8535527483373,0.0,0.0,0.0,1179.8535527483373,0.0
21,2024-01-19,2225.4680920034607,0.0,0.0,0.0,2225.4680920034607,0.0
21,2024-01-23,1166.1536944903987,0.0,0.0,0.0,1166.1536944903987,0.0
21,2024-01-26,1197.9367959821195,0.0,0.0,0.0,1197.9367959821195,0.0
21,2024-01-30,1227.528844797278,0.0,0.0,0.0,1227.528844797278,0.0
21,2024-02-02,2295.3562928281954,0.0,0.0,0.0,2295.3562928281954,0.0
21,2024-02-07,1258.6198086585218,0.0,0.0,0.0,1258.6198086585218,0.0
21,2024-02-14,1214.2864385651492,0.0,0.0,0.0,1214.2864385651492,0.0
21,2024-02-23,1143.5027212477253,0.0,0.0,0.0,1143.5027212477253,0.0
21,2024-03-05,1325.6132504576044,0.0,0.0,0.0,1325.6132504576044,0.0
21,2024-03-08,1363.0781156565208,0.0,0.0,0.0,1363.0781156565208,0.0
21,2024-03-14,1409.6273002996727,0.0,0.0,0.0,1409.6273002996727,0.0
21,2024-03-20,1400.5390016782171,0.0,0.0,0.0,1400.5390016782171,0.0
21,2024-03-21,1381.7304639578265,0.0,0.0,0.0,1381.7304639578265,0.0
21,2024-04-03,1482.3304276825943,0.0,0.0,0.0,1482.3304276825943,0.0
21,2024-04-12,1466.7985441869607,0.0,0.0,0.0,1466.7985441869607,0.0
21,2024-04-19,1404.1416797028828,0.0,0.0,0.0,1404.1416797028828,0.0
21,2024-05-09,1357.394192155641,0.0,0.0,0.0,1357.394192155641,0.0
21,2024-05-10,1298.593315484799,0.0,0.0,0.0,1298.593315484799,0.0
21,2024-05-22,4057.524739212738,0.0,0.0,0.0,4057.524739212738,0.0
21,2024-05-23,2551.2901346791286,0.0,0.0,0.0,2551.2901346791286,0.0
21,2024-05-30,1442.9421399884452,0.0,0.0,0.0,1442.9421399884452,0.0
21,2024-06-04,1411.8007059267147,0.0,0.0,0.0,1411.8007059267147,0.0
21,2024-06-05,1403.253262689867,0.0,0.0,0.0,1403.253262689867,0.0
22,2024-01-08,518.5315358468636,0.0,0.0,0.0,518.5315358468636,0.0
22,2024-01-11,513.878928480819,0.0,0.0,0.0,513.878928480819,0.0
22,2024-01-16,513.5024068404582,0.0,0.0,0.0,513.5024068404582,0.0
22,2024-01-19,513.0382900709762,0.0,0.0,0.0,513.0382900709762,0.0
22,2024-01-22,515.5501406678277,0.0,0.0,0.0,515.5501406678277,0.0
22,2024-02-07,557.6391710624741,0.0,0.0,0.0,557.6391710624741,0.0
22,2024-02-09,1307.5000051640927,0.0,0.0,0.0,1307.5000051640927,0.0
22,2024-02-23,559.8969300588359,0.0,0.0,0.0,559.8969300588359,0.0
22,2024-02-26,561.9946371750116,0.0,0.0,0.0,561.9946371750116,0.0
22,2024-02-28,568.0688935973437,0.0,0.0,0.0,568.0688935973437,0.0
22,2024-03-01,570.8245160206786,0.0,0.0,0.0,570.8245160206786,0.0
22,2024-03-04,575.1237685078281,0.0,0.0,0.0,575.1237685078281,0.0
22,2024-03-20,645.7409911614899,0.0,0.0,0.0,645.7409911614899,0.0
22,2024-03-26,660.87454807585,0.0,0.0,0.0,660.87454807585,0.0
22,2024-03-28,660.1270307013353,0.0,0.0,0.0,660.1270307013353,0.0
22,2024-04-03,637.9636063828243,0.0,0.0,0.0,637.9636063828243,0.0
22,2024-04-09,612.7320131442638,0.0,0.0,0.0,612.7320131442638,0.0
22,2024-04-16,1367.84586383116,0.0,0.0,0.0,1367.84586383116,0.0
22,2024-04-18,642.367157694972,0.0,0.0,0.0,642.367157694972,0.0
22,2024-04-19,647.445892451987,0.0,0.0,0.0,647.445892451987,0.0
22,2024-05-07,1437.054670828049,0.0,0.0,0.0,1437.054670828049,0.0
22,2024-05-20,1431.6101956380644,0.0,0.0,0.0,1431.6101956380644,0.0
22,2024-05-21,624.9746962943748,0.0,0.0,0.0,624.9746962943748,0.0
22,2024-05-22,1408.605464038623,0.0,0.0,0.0,1408.605464038623,0.0
22,2024-05-24,631.4519883820764,0.0,0.0,0.0,631.4519883820764,0.0
22,2024-05-29,623.7266554748405,0.0,0.0,0.0,623.7266554748405,0.0
22,2024-06-05,625.0496788876769,0.0,0.0,0.0,625.0496788876769,0.0
22,2024-06-19,606.9918605558705,0.0,0.0,0.0,606.9918605558705,0.0
22,2024-06-21,625.2487661476403,0.0,0.0,0.0,625.2487661476403,0.0
23,2024-01-02,957.7970497624984,0.0,0.0,0.0,957.7970497624984,0.0
23,2024-01-03,2667.538335685405,0.0,0.0,0.0,2667.538335685405,0.0
23,2024-01-04,4567.056879315149,0.0,0.0,0.0,4567.056879315149,0.0
23,2024-01-05,2728.3501498165633,0.0,0.0,0.0,2728.3501498165633,0.0
23,2024-01-10,974.7255908869428,0.0,0.0,0.0,974.7255908869428,0.0
23,2024-01-12,992.4785728832792,0.0,0.0,0.0,992.4785728832792,0.0
23,2024-01-17,979.6885565088974,0.0,0.0,0.0,979.6885565088974,0.0
23,2024-01-18,980.826845655889,0.0,0.0,0.0,980.826845655889,0.0
23,2024-01-19,974.5879125411784,0.0,0.0,0.0,974.5879125411784,0.0
23,2024-01-25,2508.222492448688,0.0,0.0,0.0,2508.222492448688,0.0
23,2024-01-26,979.9241005394064,0.0,0.0,0.0,979.9241005394064,0.0
23,2024-01-29,4297.418636620611,0.0,0.0,0.0,4297.418636620611,0.0
23,2024-01-30,2621.52916084207,0.0,0.0,0.0,2621.52916084207,0.0
23,2024-01-31,2640.027070112259,0.0,0.0,0.0,2640.027070112259,0.0
23,2024-02-01,2684.7940003558424,0.0,0.0,0.0,2684.7940003558424,0.0
23,2024-02-02,1037.2977400476568,0.0,0.0,0.0,1037.2977400476568,0.0
23,2024-02-07,1092.546269010389,0.0,0.0,0.0,1092.546269010389,0.0
23,2024-02-09,2741.2329778980657,0.0,0.0,0.0,2741.2329778980657,0.0
23,2024-02-12,1084.4656583476776,0.0,0.0,0.0,1084.4656583476776,0.0
23,2024-02-13,6175.370742272832,0.0,0.0,0.0,6175.370742272832,0.0
23,2024-02-14,2777.289440158117,0.0,0.0,0.0,2777.289440158117,0.0
23,2024-02-16,1098.417619231933,0.0,0.0,0.0,1098.417619231933,0.0
23,2024-02-19,1119.2896944506,0.0,0.0,0.0,1119.2896944506,0.0
23,2024-02-21,1147.6828188194136,0.0,0.0,0.0,1147.6828188194136,0.0
23,2024-02-26,1168.2939321685403,0.0,0.0,0.0,1168.2939321685403,0.0
23,2024-02-27,2847.934380411893,0.0,0.0,0.0,2847.934380411893,0.0
23,2024-02-28,2827.4467953864623,0.0,0.0,0.0,2827.4467953864623,0.0
23,2024-02-29,1172.4520411927467,0.0,0.0,0.0,1172.4520411927467,0.0
23,2024-03-01,2943.9630722864376,0.0,0.0,0.0,2943.9630722864376,0.0
23,2024-03-04,1178.437666637998,0.0,0.0,0.0,1178.437666637998,0.0
23,2024-03-05,1205.9407809762115,0.0,0.0,0.0,1205.9407809762115,0.0
23,2024-03-06,1191.1173373079082,0.0,0.0,0.0,1191.1173373079082,0.0
23,2024-03-08,2976.124633229654,0.0,0.0,0.0,2976.124633229654,0.0
23,2024-03-11,1197.4847894057564,0.0,0.0,0.0,1197.4847894057564,0.0
23,2024-03-12,1179.9535766297868,0.0,0.0,0.0,1179.9535766297868,0.0
23,2024-03-13,1163.770983195059,0.0,0.0,0.0,1163.770983195059,0.0
23,2024-03-14,1140.0910530271128,0.0,0.0,0.0,1140.0910530271128,0.0
23,2024-03-15,1133.7551233191143,0.0,0.0,0.0,1133.7551233191143,0.0
23,2024-03-18,6358.757405360529,0.0,0.0,0.0,6358.757405360529,0.0
23,2024-03-20,4519.861933906419,0.0,0.0,0.0,4519.861933906419,0.0
23,2024-03-25,2952.4694883220654,0.0,0.0,0.0,2952.4694883220654,0.0
23,2024-03-26,3048.9331832282605,0.0,0.0,0.0,3048.9331832282605,0.0
23,2024-03-27,4604.221646672479,0.0,0.0,0.0,4604.221646672479,0.0
23,2024-03-28,1187.770232210805,0.0,0.0,0.0,1187.770232210805,0.0
23,2024-03-29,1206.885166189944,0.0,0.0,0.0,1206.885166189944,0.0
23,2024-04-01,1197.6387651379168,0.0,0.0,0.0,1197.6387651379168,0.0
23,2024-04-02,3123.501521057671,0.0,0.0,0.0,3123.501521057671,0.0
23,2024-04-03,4585.7189146999335,0.0,0.0,0.0,4585.7189146999335,0.0
23,2024-04-04,4608.414964204713,0.0,0.0,0.0,4608.414964204713,0.0
23,2024-04-08,1195.0352183479897,0.0,0.0,0.0,1195.0352183479897,0.0
23,2024-04-09,3096.5419076274493,0.0,0.0,0.0,3096.5419076274493,0.0
23,2024-04-11,1158.9498338331236,0.0,0.0,0.0,1158.9498338331236,0.0
23,2024-04-15,1124.7441523773714,0.0,0.0,0.0,1124.7441523773714,0.0
23,2024-04-16,1107.3369916777724,0.0,0.0,0.0,1107.3369916777724,0.0
23,2024-04-17,1085.249671089402,0.0,0.0,0.0,1085.249671089402,0.0
23,2024-04-18,2999.726606514685,0.0,0.0,0.0,2999.726606514685,0.0
23,2024-04-19,1057.74789880285,0.0,0.0,0.0,1057.74789880285,0.0
23,2024-04-23,4605.1172094202775,0.0,0.0,0.0,4605.1172094202775,0.0
23,2024-04-24,3035.758454366489,0.0,0.0,0.0,3035.758454366489,0.0
23,2024-04-25,1031.7455399271244,0.0,0.0,0.0,1031.7455399271244,0.0
23,2024-04-29,2910.023100382331,0.0,0.0,0.0,2910.023100382331,0.0
23,2024-04-30,2861.0804902789287,0.0,0.0,0.0,2861.0804902789287,0.0
23,2024-05-01,2840.5224281711744,0.0,0.0,0.0,2840.5224281711744,0.0
23,2024-05-03,4554.458114767875,0.0,0.0,0.0,4554.458114767875,0.0
23,2024-05-06,942.0187092931582,0.0,0.0,0.0,942.0187092931582,0.0
23,2024-05-08,4621.832312625961,0.0,0.0,0.0,4621.832312625961,0.0
23,2024-05-13,910.7348788823858,0.0,0.0,0.0,910.7348788823858,0.0
23,2024-05-14,2894.139299175088,0.0,0.0,0.0,2894.139299175088,0.0
23,2024-05-15,919.415017713048,0.0,0.0,0.0,919.415017713048,0.0
23,2024-05-16,908.8210561116284,0.0,0.0,0.0,908.8210561116284,0.0
23,2024-05-20,7321.7715921043055,0.0,0.0,0.0,7321.7715921043055,0.0
23,2024-05-23,2938.144457119672,0.0,0.0,0.0,2938.144457119672,0.0
23,2024-05-24,938.7448399545194,0.0,0.0,0.0,938.7448399545194,0.0
23,2024-05-28,2998.8641922855186,0.0,0.0,0.0,2998.8641922855186,0.0
23,2024-05-29,2997.0756539009744,0.0,0.0,0.0,2997.0756539009744,0.0
23,2024-05-30,4702.6976510121,0.0,0.0,0.0,4702.6976510121,0.0
23,2024-05-31,1010.0768778793702,0.0,0.0,0.0,1010.0768778793702,0.0
23,2024-06-04,1036.009211704181,0.0,0.0,0.0,1036.009211704181,0.0
23,2024-06-05,4746.24043350928,0.0,0.0,0.0,4746.24043350928,0.0
23,2024-06-07,996.1156980168709,0.0,0.0,0.0,996.1156980168709,0.0
23,2024-06-10,4750.758129921124,0.0,0.0,0.0,4750.758129921124,0.0
23,2024-06-11,2981.927934213968,0.0,0.0,0.0,2981.927934213968,0.0
23,2024-06-13,960.3478206323916,0.0,0.0,0.0,960.3478206323916,0.0
23,2024-06-14,2953.709268319156,0.0,0.0,0.0,2953.709268319156,0.0
23,2024-06-18,4618.219809283195,0.0,0.0,0.0,4618.219809283195,0.0
23,2024-06-19,2981.111668538536,0.0,0.0,0.0,2981.111668538536,0.0
23,2024-06-21,2995.9494879981494,0.0,0.0,0.0,2995.9494879981494,0.0
23,2024-06-24,1057.9560314403584,0.0,0.0,0.0,1057.9560314403584,0.0
23,2024-06-25,7397.083184022571,0.0,0.0,0.0,7397.083184022571,0.0
23,2024-06-26,1045.7384374039125,0.0,0.0,0.0,1045.7384374039125,0.0
23,2024-06-27,1041.120475621878,0.0,0.0,0.0,1041.120475621878,0.0
23,2024-06-28,1067.6854945337202,0.0,0.0,0.0,1067.6854945337202,0.0
24,2024-01-03,3855.593668253792,0.0,0.0,0.0,3855.593668253792,0.0
24,2024-01-04,1303.5391288135884,0.0,0.0,0.0,1303.5391288135884,0.0
24,2024-01-05,1288.138247518498,0.0,0.0,0.0,1288.138247518498,0.0
24,2024-01-09,2109.171516805875,0.0,0.0,0.0,2109.171516805875,0.0
24,2024-01-11,1285.3200073734674,0.0,0.0,0.0,1285.3200073734674,0.0
24,2024-01-19,1312.0869398652376,0.0,0.0,0.0,1312.0869398652376,0.0
24,2024-01-22,2154.2160107657937,0.0,0.0,0.0,2154.2160107657937,0.0
24,2024-01-25,1371.8248996630214,0.0,0.0,0.0,1371.8248996630214,0.0
24,2024-02-01,1346.0303473203296,0.0,0.0,0.0,1346.0303473203296,0.0
24,2024-02-07,1385.9487202013238,0.0,0.0,0.0,1385.9487202013238,0.0
24,2024-02-15,1353.2641732020363,0.0,0.0,0.0,1353.2641732020363,0.0
24,2024-02-22,1343.5980822457486,0.0,0.0,0.0,1343.5980822457486,0.0
24,2024-02-27,1315.8338714382176,0.0,0.0,0.0,1315.8338714382176,0.0
24,2024-03-05,1345.7925882950358,0.0,0.0,0.0,1345.7925882950358,0.0
24,2024-03-07,1356.2639770308551,0.0,0.0,0.0,1356.2639770308551,0.0
24,2024-03-22,1276.281106740837,0.0,0.0,0.0,1276.281106740837,0.0
24,2024-03-27,1264.6542311190078,0.0,0.0,0.0,1264.6542311190078,0.0
24,2024-03-29,1938.5795093729112,0.0,0.0,0.0,1938.5795093729112,0.0
24,2024-04-03,1304.7552438058697,0.0,0.0,0.0,1304.7552438058697,0.0
24,2024-04-08,1331.3659152851765,0.0,0.0,0.0,1331.3659152851765,0.0
24,2024-04-26,1301.4541393083132,0.0,0.0,0.0,1301.4541393083132,0.0
24,2024-05-01,1299.6230533857747,0.0,0.0,0.0,1299.6230533857747,0.0
24,2024-05-03,1951.3749919499164,0.0,0.0,0.0,1951.3749919499164,0.0
24,2024-05-06,1275.3485890043844,0.0,0.0,0.0,1275.3485890043844,0.0
24,2024-05-09,1302.94686891802,0.0,0.0,0.0,1302.94686891802,0.0
24,2024-05-15,2003.1722500711148,0.0,0.0,0.0,2003.1722500711148,0.0
24,2024-05-23,1326.3375954897251,0.0,0.0,0.0,1326.3375954897251,0.0
24,2024-06-03,3587.4052299860286,0.0,0.0,0.0,3587.4052299860286,0.0
24,2024-06-04,1304.301581599282,0.0,0.0,0.0,1304.301581599282,0.0
24,2024-06-10,1306.7586883149877,0.0,0.0,0.0,1306.7586883149877,0.0
24,2024-06-26,1403.0029590239235,0.0,0.0,0.0,1403.0029590239235,0.0
25,2024-01-01,2052.8098496377443,0.0,0.0,0.0,2052.8098496377443,0.0
25,2024-01-03,567.7110338565383,0.0,0.0,0.0,567.7110338565383,0.0
25,2024-01-04,555.5736022032673,0.0,0.0,0.0,555.5736022032673,0.0
25,2024-01-23,528.6594198464355,0.0,0.0,0.0,528.6594198464355,0.0
25,2024-02-07,512.7635306262908,0.0,0.0,0.0,512.7635306262908,0.0
25,2024-02-15,500.7793760739579,0.0,0.0,0.0,500.7793760739579,0.0
25,2024-02-19,503.0899708822226,0.0,0.0,0.0,503.0899708822226,0.0
25,2024-03-08,440.1452798416056,0.0,0.0,0.0,440.1452798416056,0.0
25,2024-03-11,433.4582749180733,0.0,0.0,0.0,433.4582749180733,0.0
25,2024-03-13,1852.565526382148,0.0,0.0,0.0,1852.565526382148,0.0
25,2024-03-14,449.6056008634111,0.0,0.0,0.0,449.6056008634111,0.0
25,2024-03-21,451.72881840943495,0.0,0.0,0.0,451.72881840943495,0.0
25,2024-03-25,482.99067477625374,0.0,0.0,0.0,482.99067477625374,0.0
25,2024-03-26,473.6883586066003,0.0,0.0,0.0,473.6883586066003,0.0
25,2024-04-03,1815.8842255055624,0.0,0.0,0.0,1815.8842255055624,0.0
25,2024-04-04,486.4307841377239,0.0,0.0,0.0,486.4307841377239,0.0
25,2024-04-09,478.6084132342211,0.0,0.0,0.0,478.6084132342211,0.0
25,2024-04-17,498.8900721992027,0.0,0.0,0.0,498.8900721992027,0.0
25,2024-04-18,493.13145176226453,0.0,0.0,0.0,493.13145176226453,0.0
25,2024-05-01,445.724445901414,0.0,0.0,0.0,445.724445901414,0.0
25,2024-05-06,1718.8135223875547,0.0,0.0,0.0,1718.8135223875547,0.0
25,2024-05-13,483.9471261539171,0.0,0.0,0.0,483.9471261539171,0.0
25,2024-05-15,493.39734193369304,0.0,0.0,0.0,493.39734193369304,0.0
25,2024-05-20,518.9806634947065,0.0,0.0,0.0,518.9806634947065,0.0
25,2024-05-22,547.7414030025428,0.0,0.0,0.0,547.7414030025428,0.0
25,2024-06-11,636.8140786069664,0.0,0.0,0.0,636.8140786069664,0.0
25,2024-06-14,625.1948862639215,0.0,0.0,0.0,625.1948862639215,0.0
25,2024-06-20,610.2596951473145,0.0,0.0,0.0,610.2596951473145,0.0
25,2024-06-26,1885.9817123779037,0.0,0.0,0.0,1885.9817123779037,0.0
25,2024-06-27,594.7697798728273,0.0,0.0,0.0,594.7697798728273,0.0
26,2024-01-01,762.7991501478152,0.0,0.0,0.0,762.7991501478152,0.0
26,2024-01-03,765.5147035537556,0.0,0.0,0.0,765.5147035537556,0.0
26,2024-01-04,787.273455275582,0.0,0.0,0.0,787.273455275582,0.0
26,2024-01-26,819.565556407566,0.0,0.0,0.0,819.565556407566,0.0
26,2024-02-02,1228.7348994973704,0.0,0.0,0.0,1228.7348994973704,0.0
26,2024-02-08,747.1387789357741,0.0,0.0,0.0,747.1387789357741,0.0
26,2024-02-14,749.4904087723324,0.0,0.0,0.0,749.4904087723324,0.0
26,2024-02-15,1173.0516795811695,0.0,0.0,0.0,1173.0516795811695,0.0
26,2024-02-16,1178.9625957547294,0.0,0.0,0.0,1178.9625957547294,0.0
26,2024-02-21,734.0893510517915,0.0,0.0,0.0,734.0893510517915,0.0
26,2024-02-29,1139.957288825805,0.0,0.0,0.0,1139.957288825805,0.0
26,2024-03-04,707.5921625913641,0.0,0.0,0.0,707.5921625913641,0.0
26,2024-03-12,1134.0481933035046,0.0,0.0,0.0,1134.0481933035046,0.0
26,2024-03-19,722.625804837242,0.0,0.0,0.0,722.625804837242,0.0
26,2024-03-27,708.1447710342302,0.0,0.0,0.0,708.1447710342302,0.0
26,2024-04-05,736.7210804815259,0.0,0.0,0.0,736.7210804815259,0.0
26,2024-04-09,744.088143318103,0.0,0.0,0.0,744.088143318103,0.0
26,2024-04-10,741.300489274932,0.0,0.0,0.0,741.300489274932,0.0
26,2024-04-17,734.8357950306961,0.0,0.0,0.0,734.8357950306961,0.0
26,2024-04-18,736.5849013280392,0.0,0.0,0.0,736.5849013280392,0.0
26,2024-04-23,778.6637152927385,0.0,0.0,0.0,778.6637152927385,0.0
26,2024-04-25,790.362010595305,0.0,0.0,0.0,790.362010595305,0.0
26,2024-05-07,1189.312300080628,0.0,0.0,0.0,1189.312300080628,0.0
26,2024-05-10,790.4747986553778,0.0,0.0,0.0,790.4747986553778,0.0
26,2024-05-17,805.0815270342762,0.0,0.0,0.0,805.0815270342762,0.0
26,2024-05-28,780.8794816692239,0.0,0.0,0.0,780.8794816692239,0.0
26,2024-05-31,798.5176819990661,0.0,0.0,0.0,798.5176819990661,0.0
26,2024-06-04,812.2240366530409,0.0,0.0,0.0,812.2240366530409,0.0
26,2024-06-05,810.0240389040512,0.0,0.0,0.0,810.0240389040512,0.0
26,2024-06-18,815.2677655511122,0.0,0.0,0.0,815.2677655511122,0.0
26,2024-06-24,824.8425430548307,0.0,0.0,0.0,824.8425430548307,0.0
27,2024-01-05,1700.716059462048,0.0,0.0,0.0,1700.716059462048,0.0
27,2024-01-09,184.57983798646623,0.0,0.0,0.0,184.57983798646623,0.0
27,2024-01-17,190.27305100892303,0.0,0.0,0.0,190.27305100892303,0.0
27,2024-01-22,190.30924399598248,0.0,0.0,0.0,190.30924399598248,0.0
27,2024-01-25,191.24798270266197,0.0,0.0,0.0,191.24798270266197,0.0
27,2024-01-30,193.13459456435453,0.0,0.0,0.0,193.13459456435453,0.0
27,2024-02-07,192.2529290295914,0.0,0.0,0.0,192.2529290295914,0.0
27,2024-02-14,184.20021403359257,0.0,0.0,0.0,184.20021403359257,0.0
27,2024-02-19,188.66440236409133,0.0,0.0,0.0,188.66440236409133,0.0
27,2024-02-22,1810.583275638853,0.0,0.0,0.0,1810.583275638853,0.0
27,2024-03-04,186.72906700912023,0.0,0.0,0.0,186.72906700912023,0.0
27,2024-03-05,188.1004691401723,0.0,0.0,0.0,188.1004691401723,0.0
27,2024-03-07,182.0568081712702,0.0,0.0,0.0,182.0568081712702,0.0
27,2024-03-08,184.97298257462108,0.0,0.0,0.0,184.97298257462108,0.0
27,2024-03-11,180.73148042157268,0.0,0.0,0.0,180.73148042157268,0.0
27,2024-03-12,182.27794327630787,0.0,0.0,0.0,182.27794327630787,0.0
27,2024-03-13,178.25103003757474,0.0,0.0,0.0,178.25103003757474,0.0
27,2024-03-21,171.28582212303206,0.0,0.0,0.0,171.28582212303206,0.0
27,2024-03-22,169.61727715923786,0.0,0.0,0.0,169.61727715923786,0.0
27,2024-03-25,169.5556087403628,0.0,0.0,0.0,169.5556087403628,0.0
27,2024-03-29,1730.0177392768642,0.0,0.0,0.0,1730.0177392768642,0.0
27,2024-04-03,175.9520862296717,0.0,0.0,0.0,175.9520862296717,0.0
27,2024-04-11,181.5438079339972,0.0,0.0,0.0,181.5438079339972,0.0
27,2024-04-16,183.23885690540004,0.0,0.0,0.0,183.23885690540004,0.0
27,2024-04-17,186.7797952415002,0.0,0.0,0.0,186.7797952415002,0.0
27,2024-04-24,177.26204611686794,0.0,0.0,0.0,177.26204611686794,0.0
27,2024-05-02,175.95927761226426,0.0,0.0,0.0,175.95927761226426,0.0
27,2024-05-08,176.6092132386978,0.0,0.0,0.0,176.6092132386978,0.0
27,2024-05-09,176.90426009438374,0.0,0.0,0.0,176.90426009438374,0.0
27,2024-05-21,178.62990067436496,0.0,0.0,0.0,178.62990067436496,0.0
27,2024-05-23,1661.7440814211243,0.0,0.0,0.0,1661.7440814211243,0.0
27,2024-05-29,175.8058285727955,0.0,0.0,0.0,175.8058285727955,0.0
27,2024-05-30,178.14070170342467,0.0,0.0,0.0,178.14070170342467,0.0
27,2024-06-04,176.03336143801474,0.0,0.0,0.0,176.03336143801474,0.0
27,2024-06-11,179.89056016844813,0.0,0.0,0.0,179.89056016844813,0.0
27,2024-06-12,176.17869373953712,0.0,0.0,0.0,176.17869373953712,0.0
27,2024-06-14,178.27040188771855,0.0,0.0,0.0,178.27040188771855,0.0
27,2024-06-17,181.0603895940521,0.0,0.0,0.0,181.0603895940521,0.0
28,2024-01-01,94.83816734068796,0.0,0.0,0.0,94.83816734068796,0.0
28,2024-01-03,1728.1820596055888,0.0,0.0,0.0,1728.1820596055888,0.0
28,2024-01-09,1509.0823887038896,0.0,0.0,0.0,1509.0823887038896,0.0
28,2024-01-11,1165.0695804711452,0.0,0.0,0.0,1165.0695804711452,0.0
28,2024-01-17,971.6482020027232,0.0,0.0,0.0,971.6482020027232,0.0
28,2024-01-19,1818.4858188507856,0.0,0.0,0.0,1818.4858188507856,0.0
28,2024-01-26,1192.999682763245,0.0,0.0,0.0,1192.999682763245,0.0
28,2024-01-29,1050.1061444402649,0.0,0.0,0.0,1050.1061444402649,0.0
28,2024-01-30,1092.6259466884055,0.0,0.0,0.0,1092.6259466884055,0.0
28,2024-01-31,1336.9547678638037,0.0,0.0,0.0,1336.9547678638037,0.0
28,2024-02-01,1424.182933934992,0.0,0.0,0.0,1424.182933934992,0.0
28,2024-02-02,1415.405339294498,0.0,0.0,0.0,1415.405339294498,0.0
28,2024-02-08,1638.6090114829562,0.0,0.0,0.0,1638.6090114829562,0.0
28,2024-02-19,3352.8994284767286,0.0,0.0,0.0,3352.8994284767286,0.0
28,2024-02-21,1044.4201819612065,0.0,0.0,0.0,1044.4201819612065,0.0
28,2024-02-22,1046.3347594491595,0.0,0.0,0.0,1046.3347594491595,0.0
28,2024-02-26,1175.8644766044008,0.0,0.0,0.0,1175.8644766044008,0.0
28,2024-02-27,1027.8679891040665,0.0,0.0,0.0,1027.8679891040665,0.0
28,2024-03-01,1551.2909364760326,0.0,0.0,0.0,1551.2909364760326,0.0
28,2024-03-06,282.7448243272459,0.0,0.0,0.0,282.7448243272459,0.0
28,2024-03-11,2055.1166060720525,0.0,0.0,0.0,2055.1166060720525,0.0
28,2024-03-12,1503.291115426653,0.0,0.0,0.0,1503.291115426653,0.0
28,2024-03-13,360.6091487458268,0.0,0.0,0.0,360.6091487458268,0.0
28,2024-03-18,619.6097083026964,0.0,0.0,0.0,619.6097083026964,0.0
28,2024-03-20,1182.8603419408385,0.0,0.0,0.0,1182.8603419408385,0.0
28,2024-03-26,2208.5472704677472,0.0,0.0,0.0,2208.5472704677472,0.0
28,2024-03-28,1602.8163538592082,0.0,0.0,0.0,1602.8163538592082,0.0
28,2024-03-29,510.0568880558085,0.0,0.0,0.0,510.0568880558085,0.0
28,2024-04-01,1614.4279049228626,0.0,0.0,0.0,1614.4279049228626,0.0
28,2024-04-10,1037.2603764599962,0.0,0.0,0.0,1037.2603764599962,0.0
28,2024-04-19,1385.2816063377338,0.0,0.0,0.0,1385.2816063377338,0.0
28,2024-04-22,316.17395123248,0.0,0.0,0.0,316.17395123248,0.0
28,2024-04-25,776.9094887877644,0.0,0.0,0.0,776.9094887877644,0.0
28,2024-04-26,826.8710888636043,0.0,0.0,0.0,826.8710888636043,0.0
28,2024-04-29,1061.0030220618612,0.0,0.0,0.0,1061.0030220618612,0.0
28,2024-05-01,1165.5924880530515,0.0,0.0,0.0,1165.5924880530515,0.0
28,2024-05-02,1110.3024159884378,0.0,0.0,0.0,1110.3024159884378,0.0
28,2024-05-09,1750.5152528763997,0.0,0.0,0.0,1750.5152528763997,0.0
28,2024-05-14,1423.4501166465284,0.0,0.0,0.0,1423.4501166465284,0.0
28,2024-05-15,1333.4621559726395,0.0,0.0,0.0,1333.4621559726395,0.0
28,2024-05-16,522.0342392104748,0.0,0.0,0.0,522.0342392104748,0.0
28,2024-05-20,1124.629238489396,0.0,0.0,0.0,1124.629238489396,0.0
28,2024-05-21,1641.974314841182,0.0,0.0,0.0,1641.974314841182,0.0
28,2024-05-22,546.7818742222246,0.0,0.0,0.0,546.7818742222246,0.0
28,2024-05-28,2423.954504898076,0.0,0.0,0.0,2423.954504898076,0.0
28,2024-05-29,2353.5723104951467,0.0,0.0,0.0,2353.5723104951467,0.0
28,2024-06-06,1083.786304064043,0.0,0.0,0.0,1083.786304064043,0.0
28,2024-06-11,1129.793022370988,0.0,0.0,0.0,1129.793022370988,0.0
28,2024-06-12,1089.4757419152509,0.0,0.0,0.0,1089.4757419152509,0.0
28,2024-06-14,548.6896162492717,0.0,0.0,0.0,548.6896162492717,0.0
28,2024-06-17,562.0821081912186,0.0,0.0,0.0,562.0821081912186,0.0
28,2024-06-19,1246.5601422123873,0.0,0.0,0.0,1246.5601422123873,0.0
28,2024-06-20,69.76929360050944,0.0,0.0,0.0,69.76929360050944,0.0
28,2024-06-26,2476.0935077846116,0.0,0.0,0.0,2476.0935077846116,0.0
28,2024-06-27,1255.9989456914743,0.0,0.0,0.0,1255.9989456914743,0.0
29,2024-01-01,1079.51852202534,0.0,0.0,0.0,1079.51852202534,0.0
29,2024-01-03,2209.162647016728,0.0,0.0,0.0,2209.162647016728,0.0
29,2024-01-04,3281.623061221928,0.0,0.0,0.0,3281.623061221928,0.0
29,2024-01-10,1099.6162358729005,0.0,0.0,0.0,1099.6162358729005,0.0
29,2024-01-11,1113.288111994357,0.0,0.0,0.0,1113.288111994357,0.0
29,2024-01-16,3307.204657957789,0.0,0.0,0.0,3307.204657957789,0.0
29,2024-01-19,1083.1263805179235,0.0,0.0,0.0,1083.1263805179235,0.0
29,2024-01-23,3283.3722758342683,0.0,0.0,0.0,3283.3722758342683,0.0
29,2024-01-26,1285.8630909960166,0.0,0.0,0.0,1285.8630909960166,0.0
29,2024-01-29,1275.927990610828,0.0,0.0,0.0,1275.927990610828,0.0
29,2024-01-30,987.8725656787536,0.0,0.0,0.0,987.8725656787536,0.0
29,2024-02-02,4333.740791146817,0.0,0.0,0.0,4333.740791146817,0.0
29,2024-02-05,1008.1952147870325,0.0,0.0,0.0,1008.1952147870325,0.0
29,2024-02-06,1254.9506805965154,0.0,0.0,0.0,1254.9506805965154,0.0
29,2024-02-12,971.7808472405796,0.0,0.0,0.0,971.7808472405796,0.0
29,2024-02-13,992.3446115215736,0.0,0.0,0.0,992.3446115215736,0.0
29,2024-02-15,4311.102562126458,0.0,0.0,0.0,4311.102562126458,0.0
29,2024-02-16,1002.8108844704632,0.0,0.0,0.0,1002.8108844704632,0.0
29,2024-02-19,1264.4340831591464,0.0,0.0,0.0,1264.4340831591464,0.0
29,2024-02-20,1269.3401718440296,0.0,0.0,0.0,1269.3401718440296,0.0
29,2024-02-26,1016.1414577837036,0.0,0.0,0.0,1016.1414577837036,0.0
29,2024-02-28,1031.502177417672,0.0,0.0,0.0,1031.502177417672,0.0
29,2024-02-29,1027.0318167359326,0.0,0.0,0.0,1027.0318167359326,0.0
29,2024-03-01,1022.107730874562,0.0,0.0,0.0,1022.107730874562,0.0
29,2024-03-07,1335.853003607912,0.0,0.0,0.0,1335.853003607912,0.0
29,2024-03-11,1385.3751407923885,0.0,0.0,0.0,1385.3751407923885,0.0
29,2024-03-13,1398.2845227214934,0.0,0.0,0.0,1398.2845227214934,0.0
29,2024-03-14,1100.1802498034872,0.0,0.0,0.0,1100.1802498034872,0.0
29,2024-03-19,1375.8957614262729,0.0,0.0,0.0,1375.8957614262729,0.0
29,2024-03-20,1089.2238879431682,0.0,0.0,0.0,1089.2238879431682,0.0
29,2024-03-22,1044.021293686021,0.0,0.0,0.0,1044.021293686021,0.0
29,2024-03-26,1011.1848020832545,0.0,0.0,0.0,1011.1848020832545,0.0
29,2024-03-27,2152.348358274466,0.0,0.0,0.0,2152.348358274466,0.0
29,2024-03-29,1098.1237393781685,0.0,0.0,0.0,1098.1237393781685,0.0
29,2024-04-01,1114.0050409162718,0.0,0.0,0.0,1114.0050409162718,0.0
29,2024-04-04,1029.630872055985,0.0,0.0,0.0,1029.630872055985,0.0
29,2024-04-08,1015.0470678905448,0.0,0.0,0.0,1015.0470678905448,0.0
29,2024-04-10,1336.839910750823,0.0,0.0,0.0,1336.839910750823,0.0
29,2024-04-11,1053.8619889347904,0.0,0.0,0.0,1053.8619889347904,0.0
29,2024-04-12,1055.8572795720677,0.0,0.0,0.0,1055.8572795720677,0.0
29,2024-04-15,2206.7328430406483,0.0,0.0,0.0,2206.7328430406483,0.0
29,2024-04-16,1095.2525993793056,0.0,0.0,0.0,1095.2525993793056,0.0
29,2024-04-19,1343.0726256982591,0.0,0.0,0.0,1343.0726256982591,0.0
29,2024-04-22,1374.8890608198135,0.0,0.0,0.0,1374.8890608198135,0.0
29,2024-04-23,1095.4845124637109,0.0,0.0,0.0,1095.4845124637109,0.0
29,2024-04-25,1089.5657747699524,0.0,0.0,0.0,1089.5657747699524,0.0
29,2024-04-26,1091.6403646102256,0.0,0.0,0.0,1091.6403646102256,0.0
29,2024-04-30,1091.1877655575922,0.0,0.0,0.0,1091.1877655575922,0.0
29,2024-05-02,1376.8854341052115,0.0,0.0,0.0,1376.8854341052115,0.0
29,2024-05-03,1088.4731178486886,0.0,0.0,0.0,1088.4731178486886,0.0
29,2024-05-06,1104.958577575431,0.0,0.0,0.0,1104.958577575431,0.0
29,2024-05-07,2334.398826323867,0.0,0.0,0.0,2334.398826323867,0.0
29,2024-05-09,1101.8163755408248,0.0,0.0,0.0,1101.8163755408248,0.0
29,2024-05-15,1109.8874987376869,0.0,0.0,0.0,1109.8874987376869,0.0
29,2024-05-17,1078.810904741078,0.0,0.0,0.0,1078.810904741078,0.0
29,2024-05-20,1347.7627321362809,0.0,0.0,0.0,1347.7627321362809,0.0
29,2024-05-21,1076.1243560226317,0.0,0.0,0.0,1076.1243560226317,0.0
29,2024-05-22,1087.6737733618847,0.0,0.0,0.0,1087.6737733618847,0.0
29,2024-05-23,1353.4418755104796,0.0,0.0,0.0,1353.4418755104796,0.0
29,2024-05-27,1049.59018027819,0.0,0.0,0.0,1049.59018027819,0.0
29,2024-05-28,1292.8877089166986,0.0,0.0,0.0,1292.8877089166986,0.0
29,2024-05-30,1007.6365043586418,0.0,0.0,0.0,1007.6365043586418,0.0
29,2024-05-31,1019.7557029212576,0.0,0.0,0.0,1019.7557029212576,0.0
29,2024-06-03,3116.0884478365783,0.0,0.0,0.0,3116.0884478365783,0.0
29,2024-06-06,1021.655897539599,0.0,0.0,0.0,1021.655897539599,0.0
29,2024-06-07,1009.506167790307,0.0,0.0,0.0,1009.506167790307,0.0
29,2024-06-10,1008.7270116070448,0.0,0.0,0.0,1008.7270116070448,0.0
29,2024-06-11,1245.0792982313214,0.0,0.0,0.0,1245.0792982313214,0.0
29,2024-06-12,1018.643625400514,0.0,0.0,0.0,1018.643625400514,0.0
29,2024-06-14,991.7431712079936,0.0,0.0,0.0,991.7431712079936,0.0
29,2024-06-17,1215.2143400648915,0.0,0.0,0.0,1215.2143400648915,0.0
29,2024-06-18,2159.1418700497015,0.0,0.0,0.0,2159.1418700497015,0.0
29,2024-06-19,998.1236756345136,0.0,0.0,0.0,998.1236756345136,0.0
29,2024-06-20,986.4325549620048,0.0,0.0,0.0,986.4325549620048,0.0
29,2024-06-21,994.9579952010122,0.0,0.0,0.0,994.9579952010122,0.0
29,2024-06-24,1035.920773340621,0.0,0.0,0.0,1035.920773340621,0.0
29,2024-06-26,2210.983852440451,0.0,0.0,0.0,2210.983852440451,0.0
29,2024-06-27,1267.1525792688365,0.0,0.0,0.0,1267.1525792688365,0.0
29,2024-06-28,1225.318365053001,0.0,0.0,0.0,1225.318365053001,0.0
30,2024-01-03,1936.0749803249637,0.0,0.0,0.0,1936.0749803249637,0.0
30,2024-01-08,2022.0819473883464,0.0,0.0,0.0,2022.0819473883464,0.0
30,2024-01-10,2956.1002430602607,0.0,0.0,0.0,2956.1002430602607,0.0
30,2024-01-11,2004.5945828007689,0.0,0.0,0.0,2004.5945828007689,0.0
30,2024-01-23,1994.862138782943,0.0,0.0,0.0,1994.862138782943,0.0
30,2024-01-24,1969.0406222387544,0.0,0.0,0.0,1969.0406222387544,0.0
30,2024-01-25,1962.882502854453,0.0,0.0,0.0,1962.882502854453,0.0
30,2024-01-30,1712.042715183577,0.0,0.0,0.0,1712.042715183577,0.0
30,2024-02-01,1700.4107151227745,0.0,0.0,0.0,1700.4107151227745,0.0
30,2024-02-07,1839.118203306389,0.0,0.0,0.0,1839.118203306389,0.0
30,2024-02-28,2008.057484693334,0.0,0.0,0.0,2008.057484693334,0.0
30,2024-02-29,2852.9986339845805,0.0,0.0,0.0,2852.9986339845805,0.0
30,2024-03-05,1840.859653770641,0.0,0.0,0.0,1840.859653770641,0.0
30,2024-03-14,2052.496096614155,0.0,0.0,0.0,2052.496096614155,0.0
30,2024-03-15,2053.289095409046,0.0,0.0,0.0,2053.289095409046,0.0
30,2024-03-21,2034.8679036087535,0.0,0.0,0.0,2034.8679036087535,0.0
30,2024-03-22,2092.4541667340723,0.0,0.0,0.0,2092.4541667340723,0.0
30,2024-03-25,2958.838104116753,0.0,0.0,0.0,2958.838104116753,0.0
30,2024-04-02,2092.7299547623297,0.0,0.0,0.0,2092.7299547623297,0.0
30,2024-04-03,2078.506153459853,0.0,0.0,0.0,2078.506153459853,0.0
30,2024-04-09,1997.3337227460004,0.0,0.0,0.0,1997.3337227460004,0.0
30,2024-04-11,2833.5518203505417,0.0,0.0,0.0,2833.5518203505417,0.0
30,2024-04-23,1848.9838010810092,0.0,0.0,0.0,1848.9838010810092,0.0
30,2024-04-30,2648.3777739282864,0.0,0.0,0.0,2648.3777739282864,0.0
30,2024-05-06,2769.6422230309745,0.0,0.0,0.0,2769.6422230309745,0.0
30,2024-05-07,2841.319537773345,0.0,0.0,0.0,2841.319537773345,0.0
30,2024-05-13,2062.0233679183293,0.0,0.0,0.0,2062.0233679183293,0.0
30,2024-05-20,1990.4230017330344,0.0,0.0,0.0,1990.4230017330344,0.0
30,2024-06-03,1657.2480101094077,0.0,0.0,0.0,1657.2480101094077,0.0
30,2024-06-07,1749.0019825147765,0.0,0.0,0.0,1749.0019825147765,0.0
30,2024-06-14,1665.3477476280589,0.0,0.0,0.0,1665.3477476280589,0.0
30,2024-06-25,1656.5180208406944,0.0,0.0,0.0,1656.5180208406944,0.0
