trader_id,trade_id,timestamp,side,ticker,qty,price,fee,date
1,1,2024-01-02,B,T0082,70,48.974224374596794,17.64097853110888,2024-01-02
1,2,2024-01-02,B,T0176,70,56.19655946553215,20.168795812936253,2024-01-02
1,3,2024-01-02,B,T0074,58,169.47952602684506,49.649062547785064,2024-01-02
1,4,2024-01-02,B,T0016,39,102.68996787097522,20.52454373484017,2024-01-02
1,5,2024-01-02,S,T0230,45,194.03413118630772,44.15767951691924,2024-01-02
1,6,2024-01-03,B,T0082,34,45.940767632104226,8.309930497457719,2024-01-03
1,7,2024-01-04,B,T0082,69,46.76213507461107,16.632936600740823,2024-01-04
1,8,2024-01-05,B,T0082,61,47.38710221608379,14.953066175905557,2024-01-05
1,9,2024-01-05,B,T0176,40,55.40925934004594,11.581851868009188,2024-01-05
1,10,2024-01-05,B,T0074,29,167.14517885914557,24.736050934576102,2024-01-05
1,11,2024-01-05,B,T0016,51,101.3128329208597,26.334772394819225,2024-01-05
1,12,2024-01-08,B,T0082,24,46.67733737817911,6.101280485381493,2024-01-08
1,13,2024-01-09,S,T0082,42,48.167798967597605,10.615237783195496,2024-01-09
1,14,2024-01-10,B,T0082,38,47.662744014457935,9.555921362747007,2024-01-10
1,15,2024-01-11,B,T0082,96,47.868744847218544,23.4769975266649,2024-01-11
1,16,2024-01-11,S,T0176,52,52.520536051589254,14.155339373413206,2024-01-11
1,17,2024-01-15,S,T0082,34,47.02696395760355,8.494583872792605,2024-01-15
1,18,2024-01-16,B,T0082,50,46.61247982881721,12.153119957204302,2024-01-16
1,19,2024-01-16,B,T0176,26,53.48366723095358,7.452876740023965,2024-01-16
1,20,2024-01-17,B,T0082,56,46.20798356259903,13.43823539752773,2024-01-17
1,21,2024-01-17,B,T0176,72,52.1832758486262,19.285979305505432,2024-01-17
1,22,2024-01-18,B,T0082,30,47.22105516012885,7.583158274019327,2024-01-18
1,23,2024-01-18,B,T0176,47,53.92046510624047,13.171309299966511,2024-01-18
1,24,2024-01-18,S,T0074,23,157.87240054057276,18.65532606216587,2024-01-18
1,25,2024-01-22,B,T0082,58,46.008961420692586,13.84259881200085,2024-01-22
1,26,2024-01-23,S,T0082,59,46.7042810002814,14.277762895083011,2024-01-23
1,27,2024-01-23,B,T0176,80,57.7968578170472,23.618743126818885,2024-01-23
1,28,2024-01-23,B,T0074,52,158.5451565185422,41.72174069482097,2024-01-23
1,29,2024-01-24,B,T0082,81,47.57014816473081,19.76591000671598,2024-01-24
1,30,2024-01-24,S,T0176,42,57.16961249237703,12.505618623399176,2024-01-24
1,31,2024-01-26,B,T0082,46,46.33646912349379,11.157387898403572,2024-01-26
1,32,2024-01-29,B,T0082,82,46.33727739074221,19.498283730204307,2024-01-29
1,33,2024-01-29,B,T0176,25,55.99079407306285,7.498849259132856,2024-01-29
1,34,2024-01-31,B,T0082,83,46.23207738330321,19.686312114070834,2024-01-31
1,35,2024-01-31,B,T0176,27,57.34434124514833,8.241486068095025,2024-01-31
1,36,2024-02-01,S,T0082,65,46.94990182272948,15.75871809238708,2024-02-01
1,37,2024-02-02,S,T0082,73,46.47396973051584,17.46299895163828,2024-02-02
1,38,2024-02-05,B,T0082,65,48.64634315482948,16.310061525319583,2024-02-05
1,39,2024-02-05,S,T0176,25,54.36675526633735,7.295844408292169,2024-02-05
1,40,2024-02-05,B,T0074,66,153.60698691774215,51.19030568285491,2024-02-05
1,41,2024-02-06,B,T0082,55,47.90613758920157,13.674187837030432,2024-02-06
1,42,2024-02-06,S,T0176,71,54.60249899528351,19.883887143325644,2024-02-06
1,43,2024-02-06,B,T0074,87,155.92982958011115,68.32947586734835,2024-02-06
1,44,2024-02-07,B,T0082,1,47.39348386009368,0.7369674193004684,2024-02-07
1,45,2024-02-08,B,T0082,48,49.51897997809605,12.38455519474305,2024-02-08
1,46,2024-02-16,B,T0082,52,52.35019568696897,14.111050878611934,2024-02-16
1,47,2024-02-19,B,T0082,51,51.40138829360409,13.607354014869044,2024-02-19
1,48,2024-02-19,B,T0176,55,61.1656748489395,17.320560583458363,2024-02-19
1,49,2024-02-19,B,T0074,51,158.2675941186209,40.85823650024833,2024-02-19
1,50,2024-02-21,B,T0082,55,53.58753898932939,15.236573222065584,2024-02-21
1,51,2024-02-21,S,T0176,47,57.742830910654895,14.0695652640039,2024-02-21
1,52,2024-02-21,B,T0074,64,157.60063260326726,50.932202433045525,2024-02-21
1,53,2024-02-23,B,T0082,80,57.0425531697024,23.31702126788096,2024-02-23
1,54,2024-02-26,B,T0082,51,58.62801314454652,15.450143351859364,2024-02-26
1,55,2024-02-27,B,T0082,40,59.22707427513088,12.345414855026178,2024-02-27
1,56,2024-02-29,B,T0082,96,59.905643357023656,29.254708811371355,2024-02-29
1,57,2024-03-01,B,T0082,37,61.51910197464245,11.881033865308854,2024-03-01
1,58,2024-03-05,S,T0082,62,64.26783097031348,20.42302760079718,2024-03-05
1,59,2024-03-05,B,T0176,29,54.86585630107545,8.45554916365594,2024-03-05
1,60,2024-03-07,B,T0082,49,65.73018731570704,16.603895892348223,2024-03-07
1,61,2024-03-08,B,T0082,60,67.44241227815917,20.732723683447748,2024-03-08
1,62,2024-03-08,B,T0176,73,54.52763642248881,20.402587294208416,2024-03-08
1,63,2024-03-11,B,T0082,38,67.3199946257009,13.29079897888317,2024-03-11
1,64,2024-03-12,S,T0082,68,65.46864418107575,22.75933902156575,2024-03-12
1,65,2024-03-14,S,T0082,48,68.91516672537104,17.03964001408905,2024-03-14
1,66,2024-03-15,B,T0082,70,68.1815757447864,24.363551510675244,2024-03-15
1,67,2024-03-15,B,T0176,46,59.476018967531175,14.17948436253217,2024-03-15
1,68,2024-03-19,B,T0082,69,68.26032942318513,24.04981365099887,2024-03-19
1,69,2024-03-19,B,T0176,37,60.39325954622124,11.67275301605093,2024-03-19
1,70,2024-03-21,S,T0082,48,65.62234305640753,16.249362333537807,2024-03-21
1,71,2024-03-22,B,T0082,42,63.393913851967305,13.812721908913131,2024-03-22
1,72,2024-03-25,B,T0082,35,63.75100468545167,11.656425819954045,2024-03-25
1,73,2024-03-27,B,T0082,72,65.23820834465755,23.98575500407672,2024-03-27
1,74,2024-03-28,B,T0082,58,65.0773109553242,19.372420177044013,2024-03-28
1,75,2024-04-02,B,T0082,45,64.66471892805046,15.049561758811354,2024-04-02
1,76,2024-04-02,S,T0176,11,61.15394465584462,3.863466956071454,2024-04-02
1,77,2024-04-04,B,T0082,32,64.10031919103103,10.756051070564965,2024-04-04
1,78,2024-04-04,S,T0176,37,63.15054160000427,12.182850196000787,2024-04-04
1,79,2024-04-08,B,T0082,48,63.548453943482976,15.751628946435911,2024-04-08
1,80,2024-04-09,B,T0082,54,63.863153720757936,17.743051504604644,2024-04-09
1,81,2024-04-09,B,T0176,62,64.19718020131992,20.401125862409177,2024-04-09
1,82,2024-04-09,B,T0074,10,161.05707842349238,8.55285392117462,2024-04-09
1,83,2024-04-09,B,T0016,28,113.29897751852594,16.361856852593633,2024-04-09
1,84,2024-04-10,S,T0082,67,63.296194277466554,21.704225082951297,2024-04-10
1,85,2024-04-11,B,T0082,77,62.38018112105412,24.51636973160584,2024-04-11
1,86,2024-04-12,S,T0082,38,62.70560443263668,12.41406484220097,2024-04-12
1,87,2024-04-12,S,T0176,59,61.60822321259597,18.67442584771581,2024-04-12
1,88,2024-04-12,B,T0074,73,164.63228428005127,60.59078376221871,2024-04-12
1,89,2024-04-15,S,T0082,49,64.4920325264721,16.300547968985665,2024-04-15
1,90,2024-04-16,B,T0082,64,64.09443473516743,21.010219115253577,2024-04-16
1,91,2024-04-17,B,T0082,82,62.00666984394005,25.922734636015424,2024-04-17
1,92,2024-04-17,B,T0176,58,64.8276378608605,19.300014979649543,2024-04-17
1,93,2024-04-17,B,T0074,77,159.7327565409804,61.99711126827746,2024-04-17
1,94,2024-04-18,B,T0082,41,61.25389157946579,13.057047773790488,2024-04-18
1,95,2024-04-19,B,T0082,36,63.76584548151357,11.977852186672443,2024-04-19
1,96,2024-04-22,B,T0082,45,62.6327622306365,14.592371501893211,2024-04-22
1,97,2024-04-24,B,T0082,50,64.04254800782292,16.51063700195573,2024-04-24
1,98,2024-04-25,S,T0082,53,65.12628578212323,17.758465732262657,2024-04-25
1,99,2024-04-25,B,T0176,50,65.32478869875735,16.831197174689336,2024-04-25
1,100,2024-04-26,B,T0082,79,64.88418832750976,26.129254389366356,2024-04-26
1,101,2024-04-26,B,T0176,63,67.60033029740333,21.79410404368205,2024-04-26
1,102,2024-04-26,B,T0074,45,161.44791516825717,36.825780912857866,2024-04-26
1,103,2024-04-26,B,T0016,22,110.94217108726173,12.70363881959879,2024-04-26
1,104,2024-04-30,S,T0082,36,62.07858044687741,11.674144480437931,2024-04-30
1,105,2024-05-01,S,T0082,57,65.05911817337002,19.04184867941046,2024-05-01
1,106,2024-05-06,S,T0082,69,65.37048610700973,23.05281770691836,2024-05-06
1,107,2024-05-07,S,T0082,55,65.22235176256527,18.43614673470545,2024-05-07
1,108,2024-05-07,S,T0176,15,64.38730402310762,5.329047801733071,2024-05-07
1,109,2024-05-09,B,T0082,21,66.42246604554411,7.474358934782131,2024-05-09
1,110,2024-05-10,B,T0082,34,69.64562639519932,12.339756487183884,2024-05-10
1,111,2024-05-13,B,T0082,29,69.71038493195842,10.60800581513397,2024-05-13
1,112,2024-05-17,B,T0082,26,64.05184474249727,8.826739816524645,2024-05-17
1,113,2024-05-20,B,T0082,34,65.11823940713732,11.570100699213343,2024-05-20
1,114,2024-05-21,B,T0082,63,62.42558325369396,20.1640587249136,2024-05-21
1,115,2024-05-27,B,T0082,65,63.66307914527603,21.19050072221471,2024-05-27
1,116,2024-05-27,B,T0176,55,71.69578014325144,20.21633953939415,2024-05-27
1,117,2024-05-27,B,T0074,32,153.01309787597586,24.982095660156137,2024-05-27
1,118,2024-05-28,S,T0082,2,63.76990024055603,1.1376990024055602,2024-05-28
1,119,2024-05-29,B,T0082,44,63.89296863898298,14.556453100576256,2024-05-29
1,120,2024-05-29,B,T0176,39,70.33287029866237,14.214909708239162,2024-05-29
1,121,2024-05-30,B,T0082,59,65.50827547326867,19.824941264614257,2024-05-30
1,122,2024-06-03,B,T0082,58,64.04546468265666,19.07318475797043,2024-06-03
1,123,2024-06-03,B,T0176,76,69.52767484042572,26.920516439361773,2024-06-03
1,124,2024-06-03,B,T0074,53,156.1989277228546,41.89271584655647,2024-06-03
1,125,2024-06-03,B,T0016,67,105.184884295886,35.73693623912182,2024-06-03
1,126,2024-06-04,B,T0082,28,63.77963930332462,9.429149502465448,2024-06-04
1,127,2024-06-04,B,T0176,47,68.64071943167265,16.630569066443073,2024-06-04
1,128,2024-06-05,B,T0082,18,63.35269879638465,6.201742891674618,2024-06-05
1,129,2024-06-06,B,T0082,55,62.624763732366496,17.72181002640079,2024-06-06
1,130,2024-06-07,S,T0082,39,60.3382188284092,12.265952671539797,2024-06-07
1,131,2024-06-07,B,T0176,23,70.7762931491645,8.639273712153917,2024-06-07
1,132,2024-06-07,B,T0074,55,160.98270223162655,44.770243113697305,2024-06-07
1,133,2024-06-07,B,T0016,61,107.88486612442392,33.4048841679493,2024-06-07
1,134,2024-06-10,B,T0082,41,58.100743084253125,12.41065233227189,2024-06-10
1,135,2024-06-10,B,T0176,40,71.50617140592655,14.80123428118531,2024-06-10
1,136,2024-06-10,B,T0074,58,163.54310497542903,47.92750044287442,2024-06-10
1,137,2024-06-10,S,T0016,41,109.1647728296034,22.8787784300687,2024-06-10
1,138,2024-06-10,B,T0230,47,235.29805322428123,55.79504250770609,2024-06-10
1,139,2024-06-13,B,T0082,61,58.281458677345285,18.27584489659031,2024-06-13
1,140,2024-06-13,B,T0176,36,71.29535856665638,13.333164541998148,2024-06-13
1,141,2024-06-13,S,T0074,55,164.60894204891073,45.76745906345045,2024-06-13
1,142,2024-06-14,B,T0082,67,61.43103799567679,21.07939772855173,2024-06-14
1,143,2024-06-14,B,T0176,93,69.21600109824944,32.685440510685986,2024-06-14
1,144,2024-06-17,B,T0082,36,63.86681780111536,11.996027204200765,2024-06-17
1,145,2024-06-18,S,T0082,59,64.38504666607298,19.493588766491527,2024-06-18
1,146,2024-06-18,B,T0176,71,72.67433288381633,26.299388173754796,2024-06-18
1,147,2024-06-20,B,T0082,24,66.94747340194938,8.533696808233925,2024-06-20
1,148,2024-06-24,B,T0082,81,69.8340125945714,28.78277510080142,2024-06-24
1,149,2024-06-25,B,T0082,54,68.08945719520803,18.884153442706168,2024-06-25
1,150,2024-06-26,S,T0082,46,67.51194947824787,16.02774837999701,2024-06-26
1,151,2024-06-28,S,T0082,1,69.48983513897184,0.8474491756948592,2024-06-28
2,152,2024-01-01,B,T0053,2,190.36828007704048,2.4036828007704045,2024-01-01
2,153,2024-01-02,B,T0053,69,188.8346161351916,65.6479425666411,2024-01-02
2,154,2024-01-03,B,T0053,48,183.6754418748982,44.58210604997557,2024-01-03
2,155,2024-01-03,B,T0062,44,9.257579050973018,2.536667391214064,2024-01-03
2,156,2024-01-04,B,T0053,73,183.9367290397749,67.63690609951782,2024-01-04
2,157,2024-01-08,B,T0053,12,183.66220364537267,11.51973221872236,2024-01-08
2,158,2024-01-22,B,T0053,50,176.5618615209878,44.64046538024695,2024-01-22
2,159,2024-01-29,B,T0053,47,171.763975094532,40.864534147215025,2024-01-29
2,160,2024-02-09,B,T0053,43,159.35619838580794,34.761582652948704,2024-02-09
2,161,2024-02-13,B,T0053,69,162.09381962474728,56.42236777053782,2024-02-13
2,162,2024-02-14,B,T0053,57,162.2895724225143,46.75252814041659,2024-02-14
2,163,2024-02-19,B,T0053,56,163.01314761305602,46.14368133165569,2024-02-19
2,164,2024-02-19,B,T0062,47,9.293510102798578,2.683974874157666,2024-02-19
2,165,2024-02-28,B,T0053,51,166.49354656742076,42.955854374692294,2024-02-28
2,166,2024-03-07,B,T0053,68,164.43748946506966,56.40874641812369,2024-03-07
2,167,2024-03-07,B,T0062,19,9.309726629511582,1.3844240298036,2024-03-07
2,168,2024-03-13,B,T0053,39,152.6383994109191,30.264487885129228,2024-03-13
2,169,2024-03-14,B,T0053,67,156.4949896449802,52.925821531068365,2024-03-14
2,170,2024-03-19,B,T0053,75,157.8780190050722,59.70425712690207,2024-03-19
2,171,2024-03-21,B,T0053,51,154.68808562571903,39.94546183455836,2024-03-21
2,172,2024-03-25,B,T0053,23,152.50084685513528,18.03759738834056,2024-03-25
2,173,2024-03-26,B,T0053,66,152.79064006131674,50.92091122023452,2024-03-26
2,174,2024-03-26,B,T0062,44,8.904473188914617,2.4589841015612155,2024-03-26
2,175,2024-04-09,B,T0053,19,154.1812206325746,15.147215960094586,2024-04-09
2,176,2024-04-16,B,T0053,42,161.89000008488816,34.49690001782651,2024-04-16
2,177,2024-04-17,B,T0053,66,161.7090948892161,53.864001313441314,2024-04-17
2,178,2024-04-23,B,T0053,61,156.8644307106601,48.34365136675133,2024-04-23
2,179,2024-04-25,B,T0053,34,157.80937148018089,27.32759315163075,2024-04-25
2,180,2024-04-25,B,T0062,80,8.614041435203966,3.9456165740815865,2024-04-25
2,181,2024-04-29,B,T0053,54,163.687901791428,44.695733483685565,2024-04-29
2,182,2024-05-01,B,T0053,50,163.02920671984674,41.257301679961685,2024-05-01
2,183,2024-05-03,B,T0053,58,164.49684095675886,48.204083877460064,2024-05-03
2,184,2024-05-03,B,T0062,27,9.03605979585697,1.719868072440691,2024-05-03
2,185,2024-05-14,B,T0053,33,166.41293265655304,27.958133888331258,2024-05-14
2,186,2024-05-14,B,T0062,29,9.05327898738956,1.8127254531714865,2024-05-14
2,187,2024-05-17,B,T0053,2,165.86035090686383,2.158603509068638,2024-05-17
2,188,2024-05-27,B,T0053,48,172.2097810109336,41.83034744262406,2024-05-27
2,189,2024-05-31,B,T0053,38,173.08946333195874,33.38699803307216,2024-05-31
2,190,2024-06-06,B,T0053,52,172.644386228515,45.3875404194139,2024-06-06
2,191,2024-06-10,B,T0053,57,173.7774345306818,50.02656884124432,2024-06-10
2,192,2024-06-14,B,T0053,47,169.04032777132926,40.22447702626238,2024-06-14
2,193,2024-06-20,B,T0053,78,165.6020389895906,65.08479520594034,2024-06-20
2,194,2024-06-21,B,T0053,38,164.8010693058913,31.81220316811935,2024-06-21
2,195,2024-06-24,B,T0053,68,162.39834423832713,55.71543704103123,2024-06-24
2,196,2024-06-26,B,T0053,60,164.19421254575957,49.75826376372787,2024-06-26
2,197,2024-06-26,B,T0062,46,9.15547495599171,2.6057592398780933,2024-06-26
3,198,2024-01-01,B,T0137,78,10.364851520028695,4.542292092811191,2024-01-01
3,199,2024-01-03,B,T0137,82,10.3932523640472,4.761233469259352,2024-01-03
3,200,2024-01-03,B,T0105,47,108.25924582113664,25.94092276796711,2024-01-03
3,201,2024-01-03,B,T0041,28,194.22803491520617,27.691924888128867,2024-01-03
3,202,2024-01-08,B,T0137,15,10.438212498209246,1.2828659373656934,2024-01-08
3,203,2024-01-10,B,T0137,41,10.224504684975264,2.596023460419929,2024-01-10
3,204,2024-01-19,B,T0137,68,10.389835827471533,4.03254418134032,2024-01-19
3,205,2024-01-19,B,T0105,33,110.51236996505266,18.73454104423369,2024-01-19
3,206,2024-01-23,B,T0137,72,10.296218323523648,4.206638596468513,2024-01-23
3,207,2024-01-30,B,T0137,47,10.441291736255891,2.953703558020135,2024-01-30
3,208,2024-02-02,B,T0137,10,9.991306433454378,0.9995653216727188,2024-02-02
3,209,2024-02-02,B,T0105,78,122.98175523993044,48.46288454357288,2024-02-02
3,210,2024-02-05,B,T0137,43,10.126380688838225,2.677171848100218,2024-02-05
3,211,2024-02-07,B,T0137,52,10.305521806811823,3.179435669771074,2024-02-07
3,212,2024-02-12,B,T0137,61,10.129713558386088,3.589562635307757,2024-02-12
3,213,2024-02-20,B,T0137,45,10.410604190724346,2.842385942912978,2024-02-20
3,214,2024-02-21,B,T0137,43,10.428017891909718,2.7420238467605893,2024-02-21
3,215,2024-02-22,B,T0137,49,10.608123420600997,3.098990238047244,2024-02-22
3,216,2024-02-27,B,T0137,23,10.538540686211592,1.7119321789143331,2024-02-27
3,217,2024-02-27,B,T0105,64,113.54621215170826,36.83478788854664,2024-02-27
3,218,2024-02-27,B,T0041,58,202.3854929489816,59.191792955204654,2024-02-27
3,219,2024-03-05,B,T0137,52,10.050303011092849,3.113078782884141,2024-03-05
3,220,2024-03-07,B,T0137,14,10.400337483444998,1.22802362384115,2024-03-07
3,221,2024-03-07,B,T0105,5,112.30549116061016,3.3076372790152546,2024-03-07
3,222,2024-03-08,B,T0137,13,10.31660921704526,1.170579599107942,2024-03-08
3,223,2024-03-14,B,T0137,14,10.315444065738165,1.2220810846016714,2024-03-14
3,224,2024-03-14,B,T0105,21,107.11177733854922,11.746736620547669,2024-03-14
3,225,2024-03-18,B,T0137,63,10.93995389130978,3.946085475762581,2024-03-18
3,226,2024-03-19,B,T0137,81,10.810286903424808,4.878166195887047,2024-03-19
3,227,2024-03-22,B,T0137,43,11.293712220561218,2.9281481274206618,2024-03-22
3,228,2024-03-22,B,T0105,70,103.39291303723836,36.68751956303343,2024-03-22
3,229,2024-04-02,B,T0137,68,10.26065037218562,3.9886211265431113,2024-04-02
3,230,2024-04-03,B,T0137,72,10.191296540123352,4.168866754444407,2024-04-03
3,231,2024-04-03,B,T0105,61,103.502015807144,32.068114821178916,2024-04-03
3,232,2024-04-05,B,T0137,46,10.415055441976431,2.8954627516545797,2024-04-05
3,233,2024-04-09,B,T0137,44,10.2571495937592,2.7565729106270243,2024-04-09
3,234,2024-04-10,B,T0137,73,10.514396284255389,4.337754643753216,2024-04-10
3,235,2024-04-11,B,T0137,57,10.63697084962302,3.531536692142561,2024-04-11
3,236,2024-04-19,B,T0137,43,10.933063969688147,2.850608753482952,2024-04-19
3,237,2024-04-30,B,T0137,72,11.493819190084068,4.637774908430265,2024-04-30
3,238,2024-05-01,B,T0137,54,11.52781820201179,3.612510914543184,2024-05-01
3,239,2024-05-06,B,T0137,43,11.490262581984783,2.9704064551267284,2024-05-06
3,240,2024-05-08,B,T0137,53,11.59100186988804,3.571615495520331,2024-05-08
3,241,2024-05-09,B,T0137,38,11.637141502954666,2.7110568855613866,2024-05-09
3,242,2024-05-10,B,T0137,57,11.818296299660917,3.868214445403362,2024-05-10
3,243,2024-05-15,B,T0137,33,11.375588258843846,2.3769720627092346,2024-05-15
3,244,2024-05-17,B,T0137,40,11.324323111852983,2.764864622370597,2024-05-17
3,245,2024-05-22,B,T0137,27,10.933619340912994,1.9760386110232544,2024-05-22
3,246,2024-05-24,B,T0137,26,10.572818070259778,1.8744663491337712,2024-05-24
3,247,2024-06-28,B,T0137,64,9.629042459975771,3.5812935871922473,2024-06-28
4,248,2024-01-08,B,T0245,69,23.361375412490727,8.5596745173093,2024-01-08
4,249,2024-01-10,S,T0245,70,22.854547240369257,8.49909153412924,2024-01-10
4,250,2024-01-18,S,T0245,62,22.59902870084251,7.505698897261178,2024-01-18
4,251,2024-01-18,B,T0156,97,107.1579844747535,52.47162247025545,2024-01-18
4,252,2024-01-19,B,T0245,72,22.77829427082957,8.700185937498643,2024-01-19
4,253,2024-01-22,B,T0245,74,22.770510878409382,8.925089025011472,2024-01-22
4,254,2024-01-23,B,T0245,56,22.946027422587267,6.924887678324436,2024-01-23
4,255,2024-01-25,S,T0245,12,22.686515730408864,1.861190943824532,2024-01-25
4,256,2024-01-26,S,T0245,124,22.483562955624873,14.43980903248742,2024-01-26
4,257,2024-01-29,B,T0245,43,22.31594927358842,5.2979290938215104,2024-01-29
4,258,2024-01-29,B,T0156,26,117.3584485465514,15.75659831105168,2024-01-29
4,259,2024-01-31,B,T0245,52,22.28744904354034,6.294736751320489,2024-01-31
4,260,2024-02-02,S,T0245,52,21.81480441448163,6.171849147765225,2024-02-02
4,261,2024-02-21,B,T0245,47,21.133028984298353,5.466261811310114,2024-02-21
4,262,2024-02-27,B,T0245,63,21.06437831007351,7.135279167673156,2024-02-27
4,263,2024-02-27,B,T0156,24,134.66908242649055,16.660289891178866,2024-02-27
4,264,2024-02-29,B,T0245,31,21.390381701710687,3.8155091637651566,2024-02-29
4,265,2024-02-29,B,T0156,65,135.5280950528608,44.54663089217976,2024-02-29
4,266,2024-03-01,B,T0245,35,21.33421086274976,4.233486900981209,2024-03-01
4,267,2024-03-07,B,T0245,24,21.506686754809444,3.080802410577133,2024-03-07
4,268,2024-03-11,B,T0245,70,21.383074168078245,7.984075958827386,2024-03-11
4,269,2024-03-13,B,T0245,31,21.548527222650193,3.84002171951078,2024-03-13
4,270,2024-03-13,B,T0156,60,134.33337230146262,40.80001169043879,2024-03-13
4,271,2024-03-14,B,T0245,53,21.378385909612145,6.165272266047218,2024-03-14
4,272,2024-03-20,S,T0245,70,21.817634742767822,8.136172159968739,2024-03-20
4,273,2024-04-03,B,T0245,45,22.433505904932034,5.547538828609707,2024-04-03
4,274,2024-04-22,S,T0245,30,22.850061071587863,3.92750916073818,2024-04-22
4,275,2024-04-23,B,T0245,42,22.815721857766626,5.29130159013099,2024-04-23
4,276,2024-04-29,S,T0245,70,22.692147246245113,8.44225153618579,2024-04-29
4,277,2024-05-01,S,T0245,82,23.10993401528103,9.975072946265223,2024-05-01
4,278,2024-05-02,B,T0245,25,23.280751711236334,3.410093963904542,2024-05-02
4,279,2024-05-03,S,T0245,43,23.35860252843644,5.522099543613835,2024-05-03
4,280,2024-05-27,S,T0245,13,23.43471702946601,2.023256606915291,2024-05-27
4,281,2024-05-27,B,T0156,34,135.70849431982165,23.57044403436968,2024-05-27
4,282,2024-05-29,S,T0245,61,23.089852990829375,7.54240516220296,2024-05-29
4,283,2024-05-30,B,T0245,30,22.976002076217892,3.946400311432684,2024-05-30
4,284,2024-06-03,B,T0245,56,22.477431174899444,6.793680728971845,2024-06-03
4,285,2024-06-07,B,T0245,50,22.126501073050186,6.0316252682625455,2024-06-07
4,286,2024-06-07,B,T0156,43,147.44732064547094,32.20117393877625,2024-06-07
4,287,2024-06-13,B,T0245,88,22.223343624758723,10.278271194893838,2024-06-13
4,288,2024-06-21,B,T0245,59,21.52472302816015,6.849793293307243,2024-06-21
5,289,2024-01-03,B,T0046,10,187.8789138474309,9.893945692371544,2024-01-03
5,290,2024-01-05,B,T0046,48,182.65269012265213,44.33664562943651,2024-01-05
5,291,2024-01-23,B,T0046,36,188.0787836956422,34.35418106521559,2024-01-23
5,292,2024-02-01,S,T0046,63,200.81510516373103,63.756758126575285,2024-02-01
5,293,2024-02-01,B,T0117,63,118.55435996356276,37.84462338852227,2024-02-01
5,294,2024-02-08,B,T0046,13,197.47308204872272,13.33575033316698,2024-02-08
5,295,2024-02-12,B,T0046,45,203.39062753138805,46.262891194562314,2024-02-12
5,296,2024-02-14,B,T0046,38,203.96119272489403,39.25262661772987,2024-02-14
5,297,2024-02-19,S,T0046,47,204.6147149663313,48.584458017087854,2024-02-19
5,298,2024-02-22,B,T0046,78,205.4333309566637,80.61899907309885,2024-02-22
5,299,2024-02-27,S,T0046,48,197.62858998722623,47.9308615969343,2024-02-27
5,300,2024-02-28,S,T0046,50,201.25227083175056,50.81306770793764,2024-02-28
5,301,2024-03-05,B,T0046,34,196.57934273436948,33.918488264842814,2024-03-05
5,302,2024-03-13,B,T0046,69,194.0636075213686,67.45194459487217,2024-03-13
5,303,2024-03-15,B,T0046,56,193.9738943724748,54.81269042429295,2024-03-15
5,304,2024-03-18,S,T0046,1,194.85010297006335,1.4742505148503169,2024-03-18
5,305,2024-03-20,B,T0046,36,189.53783478461165,34.61681026123009,2024-03-20
5,306,2024-03-21,B,T0046,35,191.04336771955633,33.93258935092236,2024-03-21
5,307,2024-03-21,B,T0117,61,89.49908925577678,27.79722222301192,2024-03-21
5,308,2024-03-27,S,T0046,28,199.0597209784453,28.368360936982345,2024-03-27
5,309,2024-04-09,S,T0046,4,208.3622628987709,4.667245257975418,2024-04-09
5,310,2024-04-11,S,T0046,56,215.10763342696765,60.73013735955095,2024-04-11
5,311,2024-04-12,S,T0046,70,211.64422938322747,74.57548028412963,2024-04-12
5,312,2024-04-15,S,T0046,14,210.75740481888684,15.25301833732208,2024-04-15
5,313,2024-04-22,B,T0046,71,210.21838358472056,75.1275261725758,2024-04-22
5,314,2024-04-22,S,T0117,62,85.02680984222584,26.858311051090013,2024-04-22
5,315,2024-04-26,B,T0046,71,215.68682762056983,77.0688238053023,2024-04-26
5,316,2024-05-02,B,T0046,94,213.83604140019813,101.00293945809312,2024-05-02
5,317,2024-05-03,B,T0046,68,217.21209187957044,74.35211123905395,2024-05-03
5,318,2024-05-14,S,T0046,43,216.1342401139587,46.96886162450112,2024-05-14
5,319,2024-05-15,S,T0046,43,216.11890905922772,46.96556544773396,2024-05-15
5,320,2024-05-20,B,T0046,35,217.84872620700187,38.62352708622533,2024-05-20
5,321,2024-05-24,B,T0046,38,217.66668597257424,41.85667033478911,2024-05-24
5,322,2024-05-27,B,T0046,64,222.68192820732787,71.75821702634492,2024-05-27
5,323,2024-06-03,B,T0046,46,210.2209414649068,48.85081653692857,2024-06-03
5,324,2024-06-04,B,T0046,26,211.02359949849023,27.93306793480373,2024-06-04
5,325,2024-06-06,B,T0046,81,208.3442692978037,84.8794290656105,2024-06-06
5,326,2024-06-11,S,T0046,32,210.5013216064561,34.180211457032975,2024-06-11
5,327,2024-06-12,B,T0046,20,209.22855537971157,21.42285553797116,2024-06-12
5,328,2024-06-17,B,T0046,35,210.5479989262736,37.34589981209787,2024-06-17
5,329,2024-06-19,B,T0046,59,209.93092006165227,62.429621418187416,2024-06-19
5,330,2024-06-20,B,T0046,60,208.13184616485324,62.93955384945597,2024-06-20
5,331,2024-06-21,B,T0046,61,211.01250585421897,64.85881428553678,2024-06-21
5,332,2024-06-27,S,T0046,54,203.60362325351625,55.47297827844939,2024-06-27
6,333,2024-01-03,B,T0197,22,111.4208310725912,12.756291417985034,2024-01-03
6,334,2024-01-10,B,T0197,51,112.69263340125744,29.23662151732065,2024-01-10
6,335,2024-01-24,B,T0197,31,120.567976803447,19.188036404534287,2024-01-24
6,336,2024-01-24,B,T0214,62,160.06998688974832,50.12169593582198,2024-01-24
6,337,2024-01-29,B,T0197,29,124.69364895849482,18.580579098981747,2024-01-29
6,338,2024-02-16,B,T0197,13,121.976322778751,8.428460980618816,2024-02-16
6,339,2024-02-21,B,T0197,107,120.0593330607288,64.73174318748991,2024-02-21
6,340,2024-02-22,B,T0197,68,121.3781830146834,41.76858222499236,2024-02-22
6,341,2024-03-01,B,T0197,36,111.17229378124156,20.51101288062348,2024-03-01
6,342,2024-03-11,B,T0197,64,113.62392046479545,36.85965454873454,2024-03-11
6,343,2024-03-11,B,T0214,67,169.872001529795,57.40712051248133,2024-03-11
6,344,2024-03-12,B,T0197,54,115.96713067063077,31.811125281070307,2024-03-12
6,345,2024-03-15,B,T0197,82,119.98291690028874,49.69299592911839,2024-03-15
6,346,2024-03-18,B,T0197,74,118.51448896458002,44.35036091689461,2024-03-18
6,347,2024-03-29,B,T0197,26,117.86170397947284,15.822021517331471,2024-03-29
6,348,2024-03-29,B,T0214,28,169.08573377976526,24.17200272916714,2024-03-29
6,349,2024-03-29,B,T0151,54,139.16577938887053,38.07476043499505,2024-03-29
6,350,2024-03-29,B,T0040,22,38.415691148510014,4.725726026336101,2024-03-29
6,351,2024-04-02,B,T0197,48,115.20818968955564,28.149965525493354,2024-04-02
6,352,2024-04-03,B,T0197,58,113.9557165478298,33.547157798870636,2024-04-03
6,353,2024-04-08,B,T0197,42,115.39225539836752,24.732373633657176,2024-04-08
6,354,2024-04-10,B,T0197,48,118.15538000952236,28.85729120228537,2024-04-10
6,355,2024-04-12,B,T0197,27,117.5627819981134,16.370975569745312,2024-04-12
6,356,2024-04-12,B,T0214,41,165.57506550236334,34.442888427984485,2024-04-12
6,357,2024-04-17,B,T0197,59,117.09209374920576,35.0421676560157,2024-04-17
6,358,2024-04-18,B,T0197,69,116.02582968294956,40.5289112406176,2024-04-18
6,359,2024-04-22,B,T0197,72,114.37733772109624,41.675841579594646,2024-04-22
6,360,2024-04-22,B,T0214,35,169.66218430285315,30.190882252999305,2024-04-22
6,361,2024-04-22,B,T0151,75,160.87611987306315,60.82854495239869,2024-04-22
6,362,2024-04-24,B,T0197,65,112.21248736765992,36.96905839448947,2024-04-24
6,363,2024-04-25,B,T0197,75,109.13746647004204,41.42654992626576,2024-04-25
6,364,2024-04-29,B,T0197,75,108.73379481105302,41.27517305414488,2024-04-29
6,365,2024-05-03,B,T0197,49,109.85737681628513,27.415057319989856,2024-05-03
6,366,2024-05-06,B,T0197,5,110.07097770996523,3.2517744427491313,2024-05-06
6,367,2024-05-24,B,T0197,32,114.2339469138055,18.77743150620888,2024-05-24
6,368,2024-05-27,B,T0197,58,114.1919339130026,33.61566083477075,2024-05-27
6,369,2024-05-29,B,T0197,59,115.15875906375037,34.47183392380636,2024-05-29
6,370,2024-06-11,B,T0197,33,122.2834281974576,20.676765652580507,2024-06-11
6,371,2024-06-12,B,T0197,51,126.15913393674052,32.670579153868836,2024-06-12
6,372,2024-06-13,B,T0197,1,124.10961391255648,1.1205480695627823,2024-06-13
6,373,2024-06-18,B,T0197,42,124.37617714185828,26.61899719979024,2024-06-18
6,374,2024-06-18,B,T0214,26,169.1262457352288,22.486411945579743,2024-06-18
6,375,2024-06-19,B,T0197,65,123.57551266842349,40.662041617237634,2024-06-19
6,376,2024-06-21,B,T0197,36,121.92451500552376,22.446412700994276,2024-06-21
6,377,2024-06-25,B,T0197,47,123.72964063975977,29.576465550343546,2024-06-25
6,378,2024-06-27,B,T0197,10,127.1202043481536,6.856010217407681,2024-06-27
7,379,2024-01-02,B,T0178,36,165.60379034312086,30.308682261761753,2024-01-02
7,380,2024-01-03,B,T0178,34,165.0953047905727,28.56620181439736,2024-01-03
7,381,2024-01-05,B,T0178,15,167.21180667533383,13.040885500650036,2024-01-05
7,382,2024-01-11,B,T0178,52,171.47789116309008,45.08425170240342,2024-01-11
7,383,2024-01-12,B,T0178,17,171.36940821199795,15.066399698019827,2024-01-12
7,384,2024-01-12,S,T0174,52,154.38365728202987,40.639750893327765,2024-01-12
7,385,2024-01-16,B,T0178,77,170.88992102532416,66.29261959474981,2024-01-16
7,386,2024-01-19,B,T0178,41,181.56808106165985,37.72145661764027,2024-01-19
7,387,2024-01-22,B,T0178,29,184.19050741334297,27.20762357493473,2024-01-22
7,388,2024-01-23,S,T0178,44,185.9835767745737,41.41638689040621,2024-01-23
7,389,2024-01-24,S,T0178,41,186.51908424926668,38.736412271099674,2024-01-24
7,390,2024-02-01,S,T0178,19,187.88185137154085,18.34877588029638,2024-02-01
7,391,2024-02-05,B,T0178,66,191.03198896345023,63.54055635793859,2024-02-05
7,392,2024-02-08,B,T0178,52,180.12614036488196,47.332796494869314,2024-02-08
7,393,2024-02-08,B,T0174,78,157.72343057327208,62.01213792357611,2024-02-08
7,394,2024-02-12,B,T0178,40,175.15878011178756,35.53175602235751,2024-02-12
7,395,2024-02-15,S,T0178,92,174.217761217868,80.64017016021928,2024-02-15
7,396,2024-02-19,B,T0178,82,170.54425533329564,70.42314468665121,2024-02-19
7,397,2024-03-01,B,T0178,44,163.62303859020912,36.49706848984601,2024-03-01
7,398,2024-03-01,S,T0174,25,143.4699190320749,18.43373987900936,2024-03-01
7,399,2024-03-15,B,T0178,45,169.3294374926876,38.59912343585471,2024-03-15
7,400,2024-03-19,S,T0178,50,168.3012622055737,42.57531555139342,2024-03-19
7,401,2024-03-21,S,T0178,57,162.74995080901152,46.88373598056829,2024-03-21
7,402,2024-03-25,B,T0178,67,165.26172737724522,55.862678671377154,2024-03-25
7,403,2024-04-03,B,T0178,74,170.78246676347416,63.68951270248544,2024-04-03
7,404,2024-04-08,S,T0178,63,173.62808465277644,55.19284666562458,2024-04-08
7,405,2024-04-11,B,T0178,68,171.88778279755994,58.94184615117038,2024-04-11
7,406,2024-04-19,B,T0178,49,162.36104606355198,40.27845628557024,2024-04-19
7,407,2024-04-23,S,T0178,53,163.17929714568416,43.7425137436063,2024-04-23
7,408,2024-05-13,B,T0178,40,158.0054737706618,32.10109475413236,2024-05-13
7,409,2024-05-17,B,T0178,52,158.53167320676965,41.71823503376011,2024-05-17
7,410,2024-06-04,B,T0178,90,152.8535633468197,69.28410350606886,2024-06-04
7,411,2024-06-06,S,T0178,28,159.6138481158116,22.845938736213625,2024-06-06
7,412,2024-06-17,S,T0178,21,148.9717954651497,16.142038523840718,2024-06-17
7,413,2024-06-24,B,T0178,57,145.02672832702106,41.832617573201006,2024-06-24
7,414,2024-06-24,B,T0174,50,160.69708451052128,40.67427112763032,2024-06-24
7,415,2024-06-25,S,T0178,57,149.1469951578157,43.006893619977475,2024-06-25
7,416,2024-06-28,B,T0178,51,154.0711718004883,39.788148809124515,2024-06-28
8,417,2024-01-03,B,T0069,73,8.31669337416499,3.5355930815702212,2024-01-03
8,418,2024-01-03,B,T0193,62,36.81869811928227,11.913796416977505,2024-01-03
8,419,2024-01-04,B,T0069,42,8.233491376528708,2.2290331890710284,2024-01-04
8,420,2024-01-09,B,T0069,42,8.135199870975619,2.20839197290488,2024-01-09
8,421,2024-01-16,B,T0069,41,8.356813990602598,2.2131468680735327,2024-01-16
8,422,2024-01-22,B,T0069,38,7.976105314328267,2.0154600097223705,2024-01-22
8,423,2024-01-24,B,T0069,56,7.85942021069608,2.7006376589949026,2024-01-24
8,424,2024-01-26,B,T0069,61,7.654690387910235,2.8346805683126215,2024-01-26
8,425,2024-02-12,B,T0069,80,8.406802872547075,3.8627211490188302,2024-02-12
8,426,2024-02-12,B,T0193,53,36.34554312014048,10.131568926837229,2024-02-12
8,427,2024-02-14,B,T0069,24,8.34457235980539,1.5013486831766467,2024-02-14
8,428,2024-02-15,B,T0069,49,8.36264395342654,2.548847768589502,2024-02-15
8,429,2024-02-16,B,T0069,66,8.283086886935521,3.2334186726887224,2024-02-16
8,430,2024-02-20,B,T0069,71,8.4261044186939,3.491267068636334,2024-02-20
8,431,2024-02-23,B,T0069,62,8.65436028038519,3.182851686919409,2024-02-23
8,432,2024-02-26,B,T0069,32,8.425917219031554,1.8481467550450488,2024-02-26
8,433,2024-02-27,B,T0069,45,8.764753991714256,2.4720696481357076,2024-02-27
8,434,2024-03-01,B,T0069,76,9.107780923427438,3.9609567509024264,2024-03-01
8,435,2024-03-01,B,T0193,54,34.63335671565203,9.851006313226048,2024-03-01
8,436,2024-03-06,B,T0069,55,9.580927985427785,3.1347551959926405,2024-03-06
8,437,2024-03-08,B,T0069,80,9.216717397035104,4.186686958814041,2024-03-08
8,438,2024-03-12,B,T0069,50,9.251033828578,2.8127584571445,2024-03-12
8,439,2024-03-26,B,T0069,76,9.864800864490588,4.248624328506423,2024-03-26
8,440,2024-03-27,B,T0069,51,9.823770779074886,3.005061548664096,2024-03-27
8,441,2024-03-27,B,T0193,33,36.24885789726195,6.481061553048223,2024-03-27
8,442,2024-04-01,B,T0069,26,10.354950403648052,1.8461435524742469,2024-04-01
8,443,2024-04-01,B,T0193,60,36.09997453830619,11.329992361491858,2024-04-01
8,444,2024-04-08,B,T0069,64,10.368998397570088,3.818079487222428,2024-04-08
8,445,2024-04-08,B,T0193,53,34.83734348827039,9.731896024391654,2024-04-08
8,446,2024-04-15,B,T0069,66,9.848595924049526,3.750036654936344,2024-04-15
8,447,2024-04-17,B,T0069,65,9.705583151408028,3.654314524207609,2024-04-17
8,448,2024-04-19,B,T0069,60,9.472972966445566,3.34189188993367,2024-04-19
8,449,2024-04-29,B,T0069,49,9.936015355478336,2.9343237620921925,2024-04-29
8,450,2024-05-03,B,T0069,72,10.255324829864932,4.191916938751375,2024-05-03
8,451,2024-05-08,B,T0069,67,10.94137911901048,4.165362004868511,2024-05-08
8,452,2024-05-09,B,T0069,34,11.012578779505876,2.372138392515999,2024-05-09
8,453,2024-05-10,B,T0069,39,10.961276393654162,2.6374488967625616,2024-05-10
8,454,2024-05-20,B,T0069,51,11.052237985703869,3.3183206863544865,2024-05-20
8,455,2024-05-21,B,T0069,50,11.41860750647612,3.3546518766190303,2024-05-21
8,456,2024-05-23,B,T0069,24,11.93012196551034,1.9316146358612407,2024-05-23
8,457,2024-06-04,B,T0069,46,13.177329878823423,3.5307858721293877,2024-06-04
8,458,2024-06-04,B,T0193,53,32.96150585348125,9.234799051172532,2024-06-04
8,459,2024-06-12,B,T0069,44,13.51457212202542,3.4732058668455923,2024-06-12
8,460,2024-06-17,B,T0069,32,13.745375263552516,2.6992600421684028,2024-06-17
8,461,2024-06-17,B,T0193,60,35.8792244887857,11.26376734663571,2024-06-17
8,462,2024-06-19,B,T0069,41,13.423268983001176,3.251770141515242,2024-06-19
8,463,2024-06-20,B,T0069,37,13.360014838526157,2.971602745127339,2024-06-20
8,464,2024-06-26,B,T0069,42,13.992330779992932,3.438389463798516,2024-06-26
8,465,2024-06-26,B,T0193,66,35.2623104592231,12.136562451543623,2024-06-26
9,466,2024-01-01,B,T0238,75,165.33855425811834,62.501957846794376,2024-01-01
9,467,2024-01-03,B,T0238,44,167.66094848615958,37.38540866695511,2024-01-03
9,468,2024-01-05,B,T0238,10,169.8515914016325,8.992579570081626,2024-01-05
9,469,2024-01-08,B,T0238,49,171.53522124249812,42.52612920441204,2024-01-08
9,470,2024-01-08,B,T0112,47,52.50585309630296,12.838875477631197,2024-01-08
9,471,2024-01-08,B,T0080,17,5.3225673399747295,0.952418223897852,2024-01-08
9,472,2024-01-12,B,T0238,75,169.3748812788522,64.01558047956958,2024-01-12
9,473,2024-01-16,B,T0238,29,165.9753991961569,24.566432883442747,2024-01-16
9,474,2024-01-19,B,T0238,87,167.3236717698037,73.2857972198646,2024-01-19
9,475,2024-01-30,B,T0238,41,161.7554001216629,33.6598570249409,2024-01-30
9,476,2024-01-31,B,T0238,39,159.7936999550152,31.659771491227964,2024-01-31
9,477,2024-02-01,B,T0238,19,160.17367499090477,15.716499124135954,2024-02-01
9,478,2024-02-02,B,T0238,22,161.55542555544892,18.27109681109938,2024-02-02
9,479,2024-02-15,B,T0238,80,168.27916273794384,67.81166509517753,2024-02-15
9,480,2024-02-16,B,T0238,22,166.62295174312328,18.82852469174356,2024-02-16
9,481,2024-02-23,B,T0238,53,173.15619728098008,46.38639227945973,2024-02-23
9,482,2024-02-27,B,T0238,50,175.28626422417062,44.321566056042656,2024-02-27
9,483,2024-02-28,B,T0238,40,171.36082964789546,34.772165929579096,2024-02-28
9,484,2024-03-12,B,T0238,24,160.29326602142748,19.735191922571296,2024-03-12
9,485,2024-03-14,B,T0238,50,159.1602341326337,40.29005853315842,2024-03-14
9,486,2024-03-20,B,T0238,49,155.89330869550466,38.69386063039864,2024-03-20
9,487,2024-03-21,B,T0238,100,155.97600729355844,78.48800364677922,2024-03-21
9,488,2024-03-21,B,T0112,64,58.99266243700029,19.377651979840092,2024-03-21
9,489,2024-03-27,B,T0238,65,156.15219759300777,51.24946421772753,2024-03-27
9,490,2024-03-28,B,T0238,65,160.21790559173573,52.57081931731411,2024-03-28
9,491,2024-04-01,B,T0238,42,164.40169000303126,35.02435490063657,2024-04-01
9,492,2024-04-03,B,T0238,64,167.01223542797996,53.94391533695359,2024-04-03
9,493,2024-04-16,B,T0238,39,166.02806622777845,32.8754729144168,2024-04-16
9,494,2024-04-22,B,T0238,60,171.41105320136467,51.9233159604094,2024-04-22
9,495,2024-04-24,B,T0238,95,171.07426726879973,81.76027695267987,2024-04-24
9,496,2024-04-24,B,T0112,64,57.83499145136118,19.007197264435575,2024-04-24
9,497,2024-04-24,B,T0080,46,5.837610894564127,1.842650505749749,2024-04-24
9,498,2024-04-30,B,T0238,62,166.5039171484121,52.11621431600776,2024-04-30
9,499,2024-05-01,B,T0238,38,165.21414749263892,31.890688023601395,2024-05-01
9,500,2024-05-03,B,T0238,53,170.00933078081016,45.552472656914695,2024-05-03
9,501,2024-05-10,B,T0238,54,158.47180549943144,43.28738748484649,2024-05-10
9,502,2024-05-13,B,T0238,34,159.1551072199918,27.556368227398607,2024-05-13
9,503,2024-05-20,B,T0238,28,158.68149777609003,22.71540968865261,2024-05-20
9,504,2024-05-20,B,T0112,41,53.05778706581948,11.376846348492997,2024-05-20
9,505,2024-05-27,B,T0238,32,161.228421321765,26.296547411482404,2024-05-27
9,506,2024-05-28,B,T0238,56,162.92733445290247,46.119653646812694,2024-05-28
9,507,2024-05-28,B,T0112,43,50.94569521429665,11.45332447107378,2024-05-28
9,508,2024-06-04,B,T0238,62,170.98109231506956,53.504138617671565,2024-06-04
9,509,2024-06-04,B,T0112,39,52.84256691465306,10.804300548357348,2024-06-04
9,510,2024-06-05,B,T0238,56,170.39828366042065,48.21151942491778,2024-06-05
9,511,2024-06-05,B,T0112,26,52.98598653751225,7.388178249876592,2024-06-05
9,512,2024-06-10,B,T0238,19,173.00234295976188,16.935222581177378,2024-06-10
9,513,2024-06-14,B,T0238,11,177.7957644510188,10.278767044806036,2024-06-14
9,514,2024-06-18,B,T0238,22,173.52266397738333,19.587493037512168,2024-06-18
9,515,2024-06-24,B,T0238,41,164.96382323393956,34.31758376295761,2024-06-24
9,516,2024-06-25,B,T0238,41,164.9579201544021,34.31637363165243,2024-06-25
10,517,2024-01-01,B,T0153,8,27.63178085806987,1.6052712343227948,2024-01-01
10,518,2024-01-02,B,T0153,80,28.42614405487925,11.8704576219517,2024-01-02
10,519,2024-01-08,B,T0153,39,27.41590394403141,5.846101269086125,2024-01-08
10,520,2024-01-10,B,T0153,30,28.10312414704251,4.715468622056377,2024-01-10
10,521,2024-01-11,B,T0153,71,28.07204690489444,10.465576651237528,2024-01-11
10,522,2024-01-16,B,T0153,54,29.00889502235796,8.332401656036648,2024-01-16
10,523,2024-01-16,S,T0117,43,120.9296413647478,26.499872893420775,2024-01-16
10,524,2024-01-19,B,T0153,39,30.04663722049278,6.359094257996093,2024-01-19
10,525,2024-01-23,B,T0153,39,28.429353832211483,6.043723997281239,2024-01-23
10,526,2024-01-25,B,T0153,36,27.88114529006027,5.5186061522108485,2024-01-25
10,527,2024-02-08,B,T0153,88,31.274843143488315,14.26093098313486,2024-02-08
10,528,2024-02-16,B,T0153,55,31.747336328101625,9.230517490227948,2024-02-16
10,529,2024-02-20,B,T0153,64,32.039502890354925,10.752640924913576,2024-02-20
10,530,2024-02-22,S,T0153,1,32.41677446425357,0.6620838723212679,2024-02-22
10,531,2024-02-23,B,T0153,81,32.43047849451906,13.63434379028022,2024-02-23
10,532,2024-02-27,S,T0153,31,32.009148573827915,5.461418028943327,2024-02-27
10,533,2024-02-28,B,T0153,52,33.05125147361091,9.093325383138836,2024-02-28
10,534,2024-02-29,B,T0153,58,32.568081539435056,9.944743646436166,2024-02-29
10,535,2024-03-01,B,T0153,78,34.09784446425512,13.798159341059495,2024-03-01
10,536,2024-03-14,B,T0153,57,32.420028685874115,9.739708175474124,2024-03-14
10,537,2024-03-18,B,T0153,37,31.161319014392387,6.2648440176625915,2024-03-18
10,538,2024-03-19,B,T0153,40,29.81197258274484,6.462394516548969,2024-03-19
10,539,2024-03-21,B,T0153,40,31.421671992478448,6.78433439849569,2024-03-21
10,540,2024-03-26,B,T0153,71,30.471600683330426,11.3174182425823,2024-03-26
10,541,2024-03-29,B,T0153,19,28.768546413792187,3.2330119093102576,2024-03-29
10,542,2024-04-25,B,T0153,59,30.912429704657296,9.6191667628739,2024-04-25
10,543,2024-04-26,S,T0153,53,31.149833857015786,8.754705972109182,2024-04-26
10,544,2024-04-29,B,T0153,86,31.7141022830605,14.137063981716016,2024-04-29
10,545,2024-05-01,B,T0153,75,30.380879717671107,11.892829894126663,2024-05-01
10,546,2024-05-02,S,T0153,27,31.50534566569449,4.753221664868756,2024-05-02
10,547,2024-05-17,S,T0153,46,36.3782384017293,8.866994832397738,2024-05-17
10,548,2024-06-03,S,T0153,37,33.87483005063452,6.766843559367387,2024-06-03
10,549,2024-06-03,B,T0117,66,84.5303564215946,28.39501761912622,2024-06-03
10,550,2024-06-04,S,T0153,42,34.745348640253944,7.796523214453328,2024-06-04
10,551,2024-06-04,B,T0117,56,86.27066408235453,24.65578594305927,2024-06-04
10,552,2024-06-04,B,T0029,54,66.11994683826931,18.352385646332717,2024-06-04
10,553,2024-06-11,B,T0153,42,34.92761986507037,7.834800171664777,2024-06-11
10,554,2024-06-11,B,T0117,65,87.48704436507289,28.93328941864869,2024-06-11
10,555,2024-06-13,S,T0153,66,36.81860858467953,12.650140832944246,2024-06-13
10,556,2024-06-21,S,T0153,50,34.69678849593972,9.17419712398493,2024-06-21
10,557,2024-06-24,S,T0153,59,35.28540434863259,10.909194282846611,2024-06-24
11,558,2024-01-10,S,T0078,27,74.73180713838995,10.588793963682644,2024-01-10
11,559,2024-01-12,B,T0078,11,74.18112388734531,4.579961813803992,2024-01-12
11,560,2024-01-16,B,T0078,57,75.06400762021396,21.89324217176098,2024-01-16
11,561,2024-01-16,B,T0153,81,29.043781571621924,12.26273153650688,2024-01-16
11,562,2024-01-22,B,T0078,68,73.86592457664868,25.614414356060554,2024-01-22
11,563,2024-02-01,B,T0078,44,76.79331195048205,17.394528629106052,2024-02-01
11,564,2024-02-07,B,T0078,55,76.67918369724407,21.58677551674212,2024-02-07
11,565,2024-02-14,S,T0078,27,78.15519094307732,11.05095077731544,2024-02-14
11,566,2024-02-23,S,T0078,1,80.17937127526825,0.9008968563763412,2024-02-23
11,567,2024-02-27,S,T0078,34,80.75437733359611,14.22824414671134,2024-02-27
11,568,2024-03-06,S,T0078,56,80.43675567158502,23.022291588043807,2024-03-06
11,569,2024-03-08,B,T0078,54,80.40580205842896,22.209566555775822,2024-03-08
11,570,2024-03-14,B,T0078,42,81.58457917123427,17.632761625959194,2024-03-14
11,571,2024-03-18,B,T0078,6,80.39360375786602,2.9118081127359803,2024-03-18
11,572,2024-04-08,B,T0078,68,78.10350163903829,27.05519055727302,2024-04-08
11,573,2024-04-11,B,T0078,82,80.01825305595219,33.3074837529404,2024-04-11
11,574,2024-04-16,B,T0078,81,80.41462951317023,33.06792495283394,2024-04-16
11,575,2024-04-17,B,T0078,74,81.59011839977596,30.688343807917104,2024-04-17
11,576,2024-04-17,B,T0153,27,29.81881314134062,4.5255397740809835,2024-04-17
11,577,2024-04-23,S,T0078,71,83.22329109316526,30.044268338073664,2024-04-23
11,578,2024-04-23,B,T0153,78,31.716486960136425,12.869429914453208,2024-04-23
11,579,2024-04-29,B,T0078,53,81.67701575866887,22.14440917604725,2024-04-29
11,580,2024-05-01,B,T0078,51,82.45134027698911,21.525091770632223,2024-05-01
11,581,2024-05-06,B,T0078,10,82.70648557132674,4.635324278566337,2024-05-06
11,582,2024-05-07,B,T0078,60,82.84009464171831,25.352028392515493,2024-05-07
11,583,2024-05-17,S,T0078,51,83.66128448093838,21.833627542639288,2024-05-17
11,584,2024-05-29,B,T0078,41,88.22545259194956,18.58621778134966,2024-05-29
11,585,2024-06-07,S,T0078,66,82.62535459883607,27.766367017615902,2024-06-07
11,586,2024-06-12,B,T0078,60,84.0126970032264,25.70380910096792,2024-06-12
11,587,2024-06-12,B,T0153,50,35.153765667072,9.288441416768,2024-06-12
11,588,2024-06-21,B,T0078,54,83.1008310721486,22.93722438948012,2024-06-21
11,589,2024-06-25,B,T0078,19,83.26398668534823,8.410078735108081,2024-06-25
12,590,2024-01-04,S,T0044,46,64.76006137433255,15.394814116096487,2024-01-04
12,591,2024-01-16,B,T0044,28,62.41555958880217,9.238178342432304,2024-01-16
12,592,2024-01-16,B,T0204,46,148.82271889444192,34.729225345721645,2024-01-16
12,593,2024-01-23,B,T0044,45,65.36375380543619,15.206844606223145,2024-01-23
12,594,2024-01-24,B,T0044,36,66.9393327347785,12.54907989226013,2024-01-24
12,595,2024-01-31,B,T0044,38,67.39398542791821,13.30485723130446,2024-01-31
12,596,2024-02-12,B,T0044,43,62.203184875190665,13.873684748165992,2024-02-12
12,597,2024-02-14,B,T0044,20,62.76377408069553,6.776377408069553,2024-02-14
12,598,2024-02-19,S,T0044,82,60.05740773364328,25.123537170793742,2024-02-19
12,599,2024-02-23,B,T0044,86,52.79280852963768,23.200907667744204,2024-02-23
12,600,2024-02-27,S,T0044,50,52.17603832329913,13.544009580824785,2024-02-27
12,601,2024-03-01,S,T0044,79,50.53571687193984,20.461608164416237,2024-03-01
12,602,2024-03-07,B,T0044,71,48.496753097391895,17.71634734957412,2024-03-07
12,603,2024-03-08,B,T0044,42,49.37931049961258,10.869655204918642,2024-03-08
12,604,2024-03-13,B,T0044,54,52.18227142264213,14.589213284113374,2024-03-13
12,605,2024-03-15,S,T0044,54,52.38117074658628,14.642916101578296,2024-03-15
12,606,2024-03-19,B,T0044,10,50.822621297390654,3.041131064869533,2024-03-19
12,607,2024-03-22,B,T0044,60,51.388367881566005,15.9165103644698,2024-03-22
12,608,2024-03-22,B,T0204,30,150.4337829712261,23.065067445683912,2024-03-22
12,609,2024-03-25,B,T0044,58,51.94233849404493,15.56327816327303,2024-03-25
12,610,2024-03-26,S,T0044,46,52.04642947621422,12.47067877952927,2024-03-26
12,611,2024-03-28,S,T0044,69,50.74110415218219,18.00568093250286,2024-03-28
12,612,2024-04-01,S,T0044,51,48.96448449679751,12.985943546683366,2024-04-01
12,613,2024-04-02,B,T0044,45,48.78988385431752,11.47772386722144,2024-04-02
12,614,2024-04-02,B,T0204,41,154.9249592228024,32.259616640674494,2024-04-02
12,615,2024-04-11,B,T0044,71,47.63305618453147,17.40973494550867,2024-04-11
12,616,2024-04-11,B,T0204,47,160.1338449987121,38.131453574697346,2024-04-11
12,617,2024-04-26,S,T0044,70,45.060829474735634,16.271290316157476,2024-04-26
12,618,2024-04-29,B,T0044,23,42.685561633082195,5.408839587804453,2024-04-29
12,619,2024-04-30,S,T0044,79,41.83949107441589,17.026598974394275,2024-04-30
12,620,2024-05-01,B,T0044,82,41.280650138233185,17.425066556675606,2024-05-01
12,621,2024-05-03,B,T0044,58,38.06526032743264,11.538925494955464,2024-05-03
12,622,2024-05-08,B,T0044,40,36.25974029352864,7.751948058705728,2024-05-08
12,623,2024-05-13,B,T0044,38,38.126426245846154,7.744020986710769,2024-05-13
12,624,2024-05-31,B,T0044,32,36.93376520101049,6.409402432161678,2024-05-31
12,625,2024-06-06,B,T0044,43,39.268532608741545,8.942734510879433,2024-06-06
12,626,2024-06-11,B,T0044,42,38.23090413219264,8.528489867760454,2024-06-11
12,627,2024-06-13,S,T0044,37,36.531860659562845,7.258394222019127,2024-06-13
12,628,2024-06-21,S,T0044,40,36.728869033603814,7.845773806720763,2024-06-21
13,629,2024-01-05,B,T0035,46,188.9237832674011,43.952470151502254,2024-01-05
13,630,2024-01-12,B,T0035,44,186.61947120273817,41.55628366460239,2024-01-12
13,631,2024-01-12,B,T0049,44,102.7940035938416,23.11468079064515,2024-01-12
13,632,2024-01-18,B,T0035,37,185.14983362730015,34.752719221050526,2024-01-18
13,633,2024-01-22,B,T0035,96,186.11628102800245,89.83581489344117,2024-01-22
13,634,2024-01-25,B,T0035,40,189.45715136584343,38.39143027316869,2024-01-25
13,635,2024-01-25,B,T0049,27,101.57311685868348,14.21237077592227,2024-01-25
13,636,2024-01-30,S,T0035,53,190.26833577350217,50.92110897997807,2024-01-30
13,637,2024-01-31,S,T0035,42,191.006752623323,40.611418050897825,2024-01-31
13,638,2024-02-02,B,T0035,29,193.2232139209597,28.51736601853915,2024-02-02
13,639,2024-02-05,S,T0035,96,195.37269633196976,94.27889423934548,2024-02-05
13,640,2024-02-09,S,T0035,45,198.06312769561288,45.0642037315129,2024-02-09
13,641,2024-02-20,B,T0035,57,198.87443447193937,57.17921382450272,2024-02-20
13,642,2024-02-28,S,T0035,61,202.14296246063049,62.1536035504923,2024-02-28
13,643,2024-03-06,B,T0035,33,201.82906558533367,33.80179582158006,2024-03-06
13,644,2024-03-07,B,T0035,13,204.4249568007705,13.787622192050083,2024-03-07
13,645,2024-03-08,B,T0035,62,206.40702044200356,64.4861763370211,2024-03-08
13,646,2024-03-08,B,T0049,57,102.8395825723665,29.809281033124453,2024-03-08
13,647,2024-03-13,S,T0035,61,205.4829693646376,63.17230565621447,2024-03-13
13,648,2024-03-14,B,T0035,63,205.17707581750915,65.13077888251539,2024-03-14
13,649,2024-03-29,B,T0035,3,200.1170841344877,3.5017562620173153,2024-03-29
13,650,2024-04-05,B,T0035,24,196.63116569406,24.0957398832872,2024-04-05
13,651,2024-04-11,B,T0035,39,197.46410352950096,39.00550018825269,2024-04-11
13,652,2024-04-11,B,T0049,57,101.96442920312504,29.55986232289064,2024-04-11
13,653,2024-04-15,B,T0035,64,197.17026114583464,63.59448356666708,2024-04-15
13,654,2024-04-24,B,T0035,34,204.02906593475868,35.18494120890898,2024-04-24
13,655,2024-04-25,B,T0035,70,208.79568712808913,73.5784904948312,2024-04-25
13,656,2024-04-30,B,T0035,29,210.7281910805822,31.055587706684417,2024-04-30
13,657,2024-04-30,B,T0049,37,101.34807573441886,19.249394010867487,2024-04-30
13,658,2024-05-01,B,T0035,11,213.0204256061335,12.216123408337342,2024-05-01
13,659,2024-05-13,B,T0035,19,226.55790718838043,22.023001182896145,2024-05-13
13,660,2024-05-13,B,T0049,29,99.19382865878244,14.883105155523452,2024-05-13
13,661,2024-06-03,B,T0035,58,235.51259592572003,68.7986528184588,2024-06-03
13,662,2024-06-07,B,T0035,25,235.7754078667472,29.9719259833434,2024-06-07
13,663,2024-06-18,B,T0035,41,236.72351229127875,49.02832001971215,2024-06-18
13,664,2024-06-20,S,T0035,45,238.15256690260193,54.08432755308544,2024-06-20
13,665,2024-06-21,B,T0035,72,236.7873688350714,85.7434527806257,2024-06-21
13,666,2024-06-24,S,T0035,33,242.0871456956952,40.44437903978971,2024-06-24
13,667,2024-06-26,B,T0035,55,245.4307152910105,67.99344670502789,2024-06-26
13,668,2024-06-27,B,T0035,54,250.478315759591,68.12914525508957,2024-06-27
14,669,2024-01-02,S,T0061,45,50.805030034261854,11.931131757708917,2024-01-02
14,670,2024-01-08,B,T0061,65,50.07866087497501,16.77556478436688,2024-01-08
14,671,2024-01-11,B,T0061,58,50.79961153084078,15.231887343943823,2024-01-11
14,672,2024-01-15,S,T0061,22,50.90151883860483,6.099167072246531,2024-01-15
14,673,2024-01-24,B,T0061,48,46.38993730874724,11.633584954099335,2024-01-24
14,674,2024-02-14,B,T0061,56,46.3312857661616,13.47276001452525,2024-02-14
14,675,2024-02-21,B,T0061,92,45.82687739002639,21.58036359941214,2024-02-21
14,676,2024-02-22,S,T0061,57,45.62413597259003,13.50287875218816,2024-02-22
14,677,2024-02-26,B,T0061,56,44.70404907362949,13.017133740616256,2024-02-26
14,678,2024-03-07,B,T0061,36,46.654801997993566,8.897864359638842,2024-03-07
14,679,2024-03-11,B,T0061,65,48.41896315195812,16.23616302438639,2024-03-11
14,680,2024-03-15,B,T0061,55,48.70220589471505,13.89310662104664,2024-03-15
14,681,2024-03-27,B,T0061,60,43.536986373589734,13.56109591207692,2024-03-27
14,682,2024-03-27,B,T0190,63,63.9772208514042,20.65282456819232,2024-03-27
14,683,2024-04-03,S,T0061,46,43.516124992686656,10.50870874831793,2024-04-03
14,684,2024-04-04,B,T0061,81,44.386303437420416,18.47645289215527,2024-04-04
14,685,2024-04-04,B,T0190,47,61.17984792833872,14.8772642631596,2024-04-04
14,686,2024-04-10,B,T0061,55,45.52132603443143,13.018364659468643,2024-04-10
14,687,2024-04-11,S,T0061,46,46.012431630350335,11.082859274980578,2024-04-11
14,688,2024-04-15,B,T0061,65,46.940387115887575,15.755625812663462,2024-04-15
14,689,2024-04-15,S,T0190,48,63.655922973838514,15.777421513721244,2024-04-15
14,690,2024-04-17,B,T0061,65,45.837333564473965,15.39713340845404,2024-04-17
14,691,2024-04-22,B,T0061,36,45.07461698551066,8.613431057391919,2024-04-22
14,692,2024-04-23,S,T0061,39,45.26700053279665,9.327065103895348,2024-04-23
14,693,2024-04-25,B,T0061,15,45.11267269709419,3.883450452282064,2024-04-25
14,694,2024-05-01,S,T0061,84,47.44489332655948,20.426855197154985,2024-05-01
14,695,2024-05-06,S,T0061,79,47.41829865756778,19.230227969739275,2024-05-06
14,696,2024-05-15,S,T0061,74,43.41084959201737,16.56201434904643,2024-05-15
14,697,2024-05-20,B,T0061,16,43.77111105552022,4.001688884441618,2024-05-20
14,698,2024-05-28,S,T0061,21,40.715349756655854,4.775111724448864,2024-05-28
14,699,2024-05-29,B,T0061,22,38.668473274782464,4.753532060226071,2024-05-29
14,700,2024-05-30,B,T0061,78,39.163701238585354,15.773843483048289,2024-05-30
14,701,2024-05-30,B,T0190,40,67.84214961093264,14.068429922186528,2024-05-30
14,702,2024-06-03,B,T0061,2,39.33208740619397,0.8933208740619397,2024-06-03
14,703,2024-06-18,B,T0061,40,40.96895798902965,8.69379159780593,2024-06-18
14,704,2024-06-20,B,T0061,63,39.51064410708599,12.945852893732086,2024-06-20
14,705,2024-06-20,S,T0190,53,73.91079961785624,20.086361898731905,2024-06-20
14,706,2024-06-27,B,T0061,61,38.52417237695114,12.249872574970098,2024-06-27
15,707,2024-01-05,B,T0201,63,90.77641553758848,29.094570894340375,2024-01-05
15,708,2024-01-18,B,T0201,38,96.50430204050612,18.835817387696164,2024-01-18
15,709,2024-01-26,B,T0201,38,99.55692560948988,19.415815865803076,2024-01-26
15,710,2024-02-14,B,T0201,68,106.70504176244512,36.77971419923134,2024-02-14
15,711,2024-02-20,B,T0201,61,104.20936743418537,32.28385706742654,2024-02-20
15,712,2024-02-23,B,T0201,79,100.7585939581251,40.29964461345942,2024-02-23
15,713,2024-02-28,B,T0201,76,102.42218447722374,39.42043010134502,2024-02-28
15,714,2024-02-29,B,T0201,53,101.96428233983404,27.520534820056017,2024-02-29
15,715,2024-03-04,B,T0201,18,101.39919759364204,9.625927783427784,2024-03-04
15,716,2024-03-11,B,T0201,70,104.11726427841948,36.941042497446816,2024-03-11
15,717,2024-03-11,S,T0035,47,207.03758179683703,49.153831722256704,2024-03-11
15,718,2024-03-14,B,T0201,24,106.02691156193136,13.223229387431765,2024-03-14
15,719,2024-03-22,S,T0201,68,110.07165252968316,37.92436186009227,2024-03-22
15,720,2024-03-25,S,T0201,86,110.7356387030829,48.11632464232565,2024-03-25
15,721,2024-03-25,B,T0035,54,205.1356967517808,55.88663812298082,2024-03-25
15,722,2024-03-27,S,T0201,38,111.12612695337504,21.613964121141255,2024-03-27
15,723,2024-04-05,B,T0201,79,117.23260582262088,46.80687929993525,2024-04-05
15,724,2024-04-29,S,T0201,59,122.7509036057593,36.71151656369899,2024-04-29
15,725,2024-05-09,B,T0201,51,134.5032928565624,34.79833967842342,2024-05-09
15,726,2024-05-10,B,T0201,88,133.0538863904696,59.04371001180662,2024-05-10
15,727,2024-05-14,B,T0201,40,131.9600288075562,26.892005761511243,2024-05-14
15,728,2024-05-17,B,T0201,36,135.4194571207333,24.875502281731997,2024-05-17
15,729,2024-05-17,S,T0035,33,233.1765989758157,38.97413883100959,2024-05-17
15,730,2024-05-22,B,T0201,45,135.0834688505313,30.89378049136954,2024-05-22
15,731,2024-05-23,S,T0201,39,130.0742656156747,25.86448179505657,2024-05-23
15,732,2024-05-27,B,T0201,73,127.5862608818165,47.068985221863024,2024-05-27
15,733,2024-05-29,B,T0201,33,130.84469788567287,22.089375151136025,2024-05-29
15,734,2024-06-04,B,T0201,62,136.849540444337,42.92335753774447,2024-06-04
15,735,2024-06-06,B,T0201,71,140.19246318401008,50.268324430323574,2024-06-06
15,736,2024-06-07,B,T0201,52,143.2367377127838,37.74155180532379,2024-06-07
15,737,2024-06-12,S,T0201,58,145.33991783201273,42.648576171283686,2024-06-12
15,738,2024-06-21,S,T0201,41,153.67867048576102,32.004127449581006,2024-06-21
15,739,2024-06-21,S,T0035,14,236.52064382335757,17.056445067635032,2024-06-21
15,740,2024-06-24,B,T0201,69,150.19074427554833,52.315806775064175,2024-06-24
15,741,2024-06-24,S,T0035,46,242.00445722865055,56.16102516258964,2024-06-24
15,742,2024-06-28,B,T0201,49,146.67786774917636,36.43607759854821,2024-06-28
